suburb,bedrooms,property_type,median_weekly_rent,rental_count,region,Population_2021,Median_Household_Income_Weekly_AUD,Year12_Completion_Rate_Pct,Unemployment_Rate_Pct,Labour_Force_Participation_Rate_Pct,IRSAD_Score,Latitude,Longitude,house_change_perc_24-25,house_change_perc_15-25,unit_change_perc_24-25,affluence_bin,affluence_very_low,affluence_low,affluence_medium,affluence_high,affluence_very_high,distance_to_cbd_km,income_x_seifa,employment_rate,property_flat,property_house,growth_category,growth_declining,growth_slow_growth,growth_moderate_growth,growth_strong_growth
abbotsford,1,flat,514.0,3309,Inner Melbourne,9088.0,2197.0,86.4,4.0,77.5,1127.114731,-37.804585,144.999768,7.0,43.0,5.0,very_high,False,False,False,False,True,3.373665202146321,2476.2710640069995,74.39999999999999,True,False,moderate_growth,False,False,True,False
abbotsford,2,flat,683.0,3710,Inner Melbourne,9088.0,2197.0,86.4,4.0,77.5,1127.114731,-37.804585,144.999768,7.0,43.0,5.0,very_high,False,False,False,False,True,3.373665202146321,2476.2710640069995,74.39999999999999,True,False,moderate_growth,False,False,True,False
abbotsford,2,house,707.0,466,Inner Melbourne,9088.0,2197.0,86.4,4.0,77.5,1127.114731,-37.804585,144.999768,7.0,43.0,5.0,very_high,False,False,False,False,True,3.373665202146321,2476.2710640069995,74.39999999999999,False,True,moderate_growth,False,False,True,False
abbotsford,3,flat,988.0,380,Inner Melbourne,9088.0,2197.0,86.4,4.0,77.5,1127.114731,-37.804585,144.999768,7.0,43.0,5.0,very_high,False,False,False,False,True,3.373665202146321,2476.2710640069995,74.39999999999999,True,False,moderate_growth,False,False,True,False
abbotsford,3,house,928.0,338,Inner Melbourne,9088.0,2197.0,86.4,4.0,77.5,1127.114731,-37.804585,144.999768,7.0,43.0,5.0,very_high,False,False,False,False,True,3.373665202146321,2476.2710640069995,74.39999999999999,False,True,moderate_growth,False,False,True,False
abbotsford,4,house,1147.0,46,Inner Melbourne,9088.0,2197.0,86.4,4.0,77.5,1127.114731,-37.804585,144.999768,7.0,43.0,5.0,very_high,False,False,False,False,True,3.373665202146321,2476.2710640069995,74.39999999999999,False,True,moderate_growth,False,False,True,False
albert park,1,flat,448.0,886,Inner Melbourne,6044.0,2533.0,78.0,3.4,63.9,1132.144966,-37.845178,144.961053,4.0,40.0,-41.0,very_high,False,False,False,False,True,3.515912786321501,2867.723198878,61.727399999999996,True,False,slow_growth,False,True,False,False
albert park,2,flat,637.2,779,Inner Melbourne,6044.0,2533.0,78.0,3.4,63.9,1132.144966,-37.845178,144.961053,4.0,40.0,-41.0,very_high,False,False,False,False,True,3.515912786321501,2867.723198878,61.727399999999996,True,False,slow_growth,False,True,False,False
albert park,2,house,775.0,387,Inner Melbourne,6044.0,2533.0,78.0,3.4,63.9,1132.144966,-37.845178,144.961053,4.0,40.0,-41.0,very_high,False,False,False,False,True,3.515912786321501,2867.723198878,61.727399999999996,False,True,slow_growth,False,True,False,False
albert park,3,flat,888.6,114,Inner Melbourne,6044.0,2533.0,78.0,3.4,63.9,1132.144966,-37.845178,144.961053,4.0,40.0,-41.0,very_high,False,False,False,False,True,3.515912786321501,2867.723198878,61.727399999999996,True,False,slow_growth,False,True,False,False
albert park,3,house,1130.0,448,Inner Melbourne,6044.0,2533.0,78.0,3.4,63.9,1132.144966,-37.845178,144.961053,4.0,40.0,-41.0,very_high,False,False,False,False,True,3.515912786321501,2867.723198878,61.727399999999996,False,True,slow_growth,False,True,False,False
albert park,4,house,1435.2,164,Inner Melbourne,6044.0,2533.0,78.0,3.4,63.9,1132.144966,-37.845178,144.961053,4.0,40.0,-41.0,very_high,False,False,False,False,True,3.515912786321501,2867.723198878,61.727399999999996,False,True,slow_growth,False,True,False,False
alfredton,1,flat,278.0,318,Ballarat,11822.0,1883.0,60.0,4.0,67.7,1005.159719,-37.556041,143.800761,3.0,84.0,4.0,low,False,True,False,False,False,106.21653591642401,1892.715750877,64.992,True,False,slow_growth,False,True,False,False
alfredton,2,flat,345.6,514,Ballarat,11822.0,1883.0,60.0,4.0,67.7,1005.159719,-37.556041,143.800761,3.0,84.0,4.0,low,False,True,False,False,False,106.21653591642401,1892.715750877,64.992,True,False,slow_growth,False,True,False,False
alfredton,2,house,366.0,333,Ballarat,11822.0,1883.0,60.0,4.0,67.7,1005.159719,-37.556041,143.800761,3.0,84.0,4.0,low,False,True,False,False,False,106.21653591642401,1892.715750877,64.992,False,True,slow_growth,False,True,False,False
alfredton,3,flat,404.6,164,Ballarat,11822.0,1883.0,60.0,4.0,67.7,1005.159719,-37.556041,143.800761,3.0,84.0,4.0,low,False,True,False,False,False,106.21653591642401,1892.715750877,64.992,True,False,slow_growth,False,True,False,False
alfredton,3,house,404.6,2611,Ballarat,11822.0,1883.0,60.0,4.0,67.7,1005.159719,-37.556041,143.800761,3.0,84.0,4.0,low,False,True,False,False,False,106.21653591642401,1892.715750877,64.992,False,True,slow_growth,False,True,False,False
alfredton,4,house,469.0,3050,Ballarat,11822.0,1883.0,60.0,4.0,67.7,1005.159719,-37.556041,143.800761,3.0,84.0,4.0,low,False,True,False,False,False,106.21653591642401,1892.715750877,64.992,False,True,slow_growth,False,True,False,False
alphington,1,flat,393.0,1058,North Eastern Melbourne,5702.0,2429.0,80.8,3.8,71.1,1128.06269,-37.780399,145.030898,3.0,59.0,5.0,very_high,False,False,False,False,True,7.008265847606062,2740.0642740099997,68.39819999999999,True,False,slow_growth,False,True,False,False
alphington,2,flat,566.0,1112,North Eastern Melbourne,5702.0,2429.0,80.8,3.8,71.1,1128.06269,-37.780399,145.030898,3.0,59.0,5.0,very_high,False,False,False,False,True,7.008265847606062,2740.0642740099997,68.39819999999999,True,False,slow_growth,False,True,False,False
alphington,2,house,650.0,123,North Eastern Melbourne,5702.0,2429.0,80.8,3.8,71.1,1128.06269,-37.780399,145.030898,3.0,59.0,5.0,very_high,False,False,False,False,True,7.008265847606062,2740.0642740099997,68.39819999999999,False,True,slow_growth,False,True,False,False
alphington,3,flat,868.0,228,North Eastern Melbourne,5702.0,2429.0,80.8,3.8,71.1,1128.06269,-37.780399,145.030898,3.0,59.0,5.0,very_high,False,False,False,False,True,7.008265847606062,2740.0642740099997,68.39819999999999,True,False,slow_growth,False,True,False,False
alphington,3,house,849.0,311,North Eastern Melbourne,5702.0,2429.0,80.8,3.8,71.1,1128.06269,-37.780399,145.030898,3.0,59.0,5.0,very_high,False,False,False,False,True,7.008265847606062,2740.0642740099997,68.39819999999999,False,True,slow_growth,False,True,False,False
alphington,4,house,1050.6,138,North Eastern Melbourne,5702.0,2429.0,80.8,3.8,71.1,1128.06269,-37.780399,145.030898,3.0,59.0,5.0,very_high,False,False,False,False,True,7.008265847606062,2740.0642740099997,68.39819999999999,False,True,slow_growth,False,True,False,False
altona,1,flat,363.0,412,Outer Western Melbourne,11490.0,1826.0,63.3,4.2,62.7,1045.863232,-37.860069,144.813375,3.0,67.0,4.0,medium,False,False,True,False,False,14.127314945663976,1909.746261632,60.0666,True,False,slow_growth,False,True,False,False
altona,2,flat,465.0,2313,Outer Western Melbourne,11490.0,1826.0,63.3,4.2,62.7,1045.863232,-37.860069,144.813375,3.0,67.0,4.0,medium,False,False,True,False,False,14.127314945663976,1909.746261632,60.0666,True,False,slow_growth,False,True,False,False
altona,2,house,478.6,893,Outer Western Melbourne,11490.0,1826.0,63.3,4.2,62.7,1045.863232,-37.860069,144.813375,3.0,67.0,4.0,medium,False,False,True,False,False,14.127314945663976,1909.746261632,60.0666,False,True,slow_growth,False,True,False,False
altona,3,flat,550.0,1105,Outer Western Melbourne,11490.0,1826.0,63.3,4.2,62.7,1045.863232,-37.860069,144.813375,3.0,67.0,4.0,medium,False,False,True,False,False,14.127314945663976,1909.746261632,60.0666,True,False,slow_growth,False,True,False,False
altona,3,house,523.0,6296,Outer Western Melbourne,11490.0,1826.0,63.3,4.2,62.7,1045.863232,-37.860069,144.813375,3.0,67.0,4.0,medium,False,False,True,False,False,14.127314945663976,1909.746261632,60.0666,False,True,slow_growth,False,True,False,False
altona,4,house,581.0,8706,Outer Western Melbourne,11490.0,1826.0,63.3,4.2,62.7,1045.863232,-37.860069,144.813375,3.0,67.0,4.0,medium,False,False,True,False,False,14.127314945663976,1909.746261632,60.0666,False,True,slow_growth,False,True,False,False
armadale,1,flat,454.0,868,Inner Melbourne,9368.0,2193.0,85.7,3.9,69.0,1129.957291,-37.856664,145.020235,-3.0,8.0,-5.0,very_high,False,False,False,False,True,6.935823529044223,2477.996339163,66.309,True,False,declining,True,False,False,False
armadale,2,flat,630.2,1390,Inner Melbourne,9368.0,2193.0,85.7,3.9,69.0,1129.957291,-37.856664,145.020235,-3.0,8.0,-5.0,very_high,False,False,False,False,True,6.935823529044223,2477.996339163,66.309,True,False,declining,True,False,False,False
armadale,2,house,769.4,154,Inner Melbourne,9368.0,2193.0,85.7,3.9,69.0,1129.957291,-37.856664,145.020235,-3.0,8.0,-5.0,very_high,False,False,False,False,True,6.935823529044223,2477.996339163,66.309,False,True,declining,True,False,False,False
armadale,3,flat,920.2,212,Inner Melbourne,9368.0,2193.0,85.7,3.9,69.0,1129.957291,-37.856664,145.020235,-3.0,8.0,-5.0,very_high,False,False,False,False,True,6.935823529044223,2477.996339163,66.309,True,False,declining,True,False,False,False
armadale,3,house,1110.0,252,Inner Melbourne,9368.0,2193.0,85.7,3.9,69.0,1129.957291,-37.856664,145.020235,-3.0,8.0,-5.0,very_high,False,False,False,False,True,6.935823529044223,2477.996339163,66.309,False,True,declining,True,False,False,False
armadale,4,house,1495.2,90,Inner Melbourne,9368.0,2193.0,85.7,3.9,69.0,1129.957291,-37.856664,145.020235,-3.0,8.0,-5.0,very_high,False,False,False,False,True,6.935823529044223,2477.996339163,66.309,False,True,declining,True,False,False,False
ascot vale,1,flat,450.0,1916,North Western Melbourne,15197.0,2192.0,75.8,4.6,68.8,1061.958158,-37.776966,144.913697,5.0,54.0,4.0,medium,False,False,True,False,False,5.952882349278287,2327.812282336,65.6352,True,False,slow_growth,False,True,False,False
ascot vale,2,flat,537.0,2487,North Western Melbourne,15197.0,2192.0,75.8,4.6,68.8,1061.958158,-37.776966,144.913697,5.0,54.0,4.0,medium,False,False,True,False,False,5.952882349278287,2327.812282336,65.6352,True,False,slow_growth,False,True,False,False
ascot vale,2,house,621.0,606,North Western Melbourne,15197.0,2192.0,75.8,4.6,68.8,1061.958158,-37.776966,144.913697,5.0,54.0,4.0,medium,False,False,True,False,False,5.952882349278287,2327.812282336,65.6352,False,True,slow_growth,False,True,False,False
ascot vale,3,flat,725.6,394,North Western Melbourne,15197.0,2192.0,75.8,4.6,68.8,1061.958158,-37.776966,144.913697,5.0,54.0,4.0,medium,False,False,True,False,False,5.952882349278287,2327.812282336,65.6352,True,False,slow_growth,False,True,False,False
ascot vale,3,house,726.8,919,North Western Melbourne,15197.0,2192.0,75.8,4.6,68.8,1061.958158,-37.776966,144.913697,5.0,54.0,4.0,medium,False,False,True,False,False,5.952882349278287,2327.812282336,65.6352,False,True,slow_growth,False,True,False,False
ascot vale,4,house,974.0,428,North Western Melbourne,15197.0,2192.0,75.8,4.6,68.8,1061.958158,-37.776966,144.913697,5.0,54.0,4.0,medium,False,False,True,False,False,5.952882349278287,2327.812282336,65.6352,False,True,slow_growth,False,True,False,False
ashburton,1,flat,408.0,415,Inner Eastern Melbourne,7952.0,2743.0,77.9,4.8,65.6,1125.857939,-37.867327,145.080076,2.0,37.0,-2.0,very_high,False,False,False,False,True,11.882975799479462,3088.228326677,62.45119999999999,True,False,slow_growth,False,True,False,False
ashburton,2,flat,563.0,915,Inner Eastern Melbourne,7952.0,2743.0,77.9,4.8,65.6,1125.857939,-37.867327,145.080076,2.0,37.0,-2.0,very_high,False,False,False,False,True,11.882975799479462,3088.228326677,62.45119999999999,True,False,slow_growth,False,True,False,False
ashburton,2,house,552.0,199,Inner Eastern Melbourne,7952.0,2743.0,77.9,4.8,65.6,1125.857939,-37.867327,145.080076,2.0,37.0,-2.0,very_high,False,False,False,False,True,11.882975799479462,3088.228326677,62.45119999999999,False,True,slow_growth,False,True,False,False
ashburton,3,flat,698.8,502,Inner Eastern Melbourne,7952.0,2743.0,77.9,4.8,65.6,1125.857939,-37.867327,145.080076,2.0,37.0,-2.0,very_high,False,False,False,False,True,11.882975799479462,3088.228326677,62.45119999999999,True,False,slow_growth,False,True,False,False
ashburton,3,house,650.0,867,Inner Eastern Melbourne,7952.0,2743.0,77.9,4.8,65.6,1125.857939,-37.867327,145.080076,2.0,37.0,-2.0,very_high,False,False,False,False,True,11.882975799479462,3088.228326677,62.45119999999999,False,True,slow_growth,False,True,False,False
ashburton,4,house,849.6,623,Inner Eastern Melbourne,7952.0,2743.0,77.9,4.8,65.6,1125.857939,-37.867327,145.080076,2.0,37.0,-2.0,very_high,False,False,False,False,True,11.882975799479462,3088.228326677,62.45119999999999,False,True,slow_growth,False,True,False,False
aspendale,1,flat,427.0,163,Southern Melbourne,7285.0,2343.0,67.8,3.9,68.2,1087.155997,-38.021914,145.102453,8.0,82.0,7.0,high,False,False,False,True,False,26.191143196072765,2547.206500971,65.5402,True,False,moderate_growth,False,False,True,False
aspendale,2,flat,521.0,1850,Southern Melbourne,7285.0,2343.0,67.8,3.9,68.2,1087.155997,-38.021914,145.102453,8.0,82.0,7.0,high,False,False,False,True,False,26.191143196072765,2547.206500971,65.5402,True,False,moderate_growth,False,False,True,False
aspendale,2,house,540.0,213,Southern Melbourne,7285.0,2343.0,67.8,3.9,68.2,1087.155997,-38.021914,145.102453,8.0,82.0,7.0,high,False,False,False,True,False,26.191143196072765,2547.206500971,65.5402,False,True,moderate_growth,False,False,True,False
aspendale,3,flat,661.0,819,Southern Melbourne,7285.0,2343.0,67.8,3.9,68.2,1087.155997,-38.021914,145.102453,8.0,82.0,7.0,high,False,False,False,True,False,26.191143196072765,2547.206500971,65.5402,True,False,moderate_growth,False,False,True,False
aspendale,3,house,670.0,1037,Southern Melbourne,7285.0,2343.0,67.8,3.9,68.2,1087.155997,-38.021914,145.102453,8.0,82.0,7.0,high,False,False,False,True,False,26.191143196072765,2547.206500971,65.5402,False,True,moderate_growth,False,False,True,False
aspendale,4,house,848.0,565,Southern Melbourne,7285.0,2343.0,67.8,3.9,68.2,1087.155997,-38.021914,145.102453,8.0,82.0,7.0,high,False,False,False,True,False,26.191143196072765,2547.206500971,65.5402,False,True,moderate_growth,False,False,True,False
avondale heights,1,flat,448.0,854,Outer Western Melbourne,12388.0,1587.0,60.2,5.4,54.5,1011.716268,-37.761539,144.862612,3.0,56.0,10.0,low,False,True,False,False,False,10.558836212165994,1605.593717316,51.556999999999995,True,False,slow_growth,False,True,False,False
avondale heights,2,flat,512.6,1767,Outer Western Melbourne,12388.0,1587.0,60.2,5.4,54.5,1011.716268,-37.761539,144.862612,3.0,56.0,10.0,low,False,True,False,False,False,10.558836212165994,1605.593717316,51.556999999999995,True,False,slow_growth,False,True,False,False
avondale heights,2,house,506.0,165,Outer Western Melbourne,12388.0,1587.0,60.2,5.4,54.5,1011.716268,-37.761539,144.862612,3.0,56.0,10.0,low,False,True,False,False,False,10.558836212165994,1605.593717316,51.556999999999995,False,True,slow_growth,False,True,False,False
avondale heights,3,flat,608.6,534,Outer Western Melbourne,12388.0,1587.0,60.2,5.4,54.5,1011.716268,-37.761539,144.862612,3.0,56.0,10.0,low,False,True,False,False,False,10.558836212165994,1605.593717316,51.556999999999995,True,False,slow_growth,False,True,False,False
avondale heights,3,house,564.0,1354,Outer Western Melbourne,12388.0,1587.0,60.2,5.4,54.5,1011.716268,-37.761539,144.862612,3.0,56.0,10.0,low,False,True,False,False,False,10.558836212165994,1605.593717316,51.556999999999995,False,True,slow_growth,False,True,False,False
avondale heights,4,house,748.6,451,Outer Western Melbourne,12388.0,1587.0,60.2,5.4,54.5,1011.716268,-37.761539,144.862612,3.0,56.0,10.0,low,False,True,False,False,False,10.558836212165994,1605.593717316,51.556999999999995,False,True,slow_growth,False,True,False,False
bairnsdale,1,flat,288.75,48,Other Regional Centres,7905.0,1101.0,44.0,4.9,51.2,899.3059169,-37.859836,147.5871,8.0,89.0,-4.0,very_low,True,False,False,False,False,230.48296433370868,990.1358145069,48.6912,True,False,moderate_growth,False,False,True,False
bairnsdale,2,flat,361.6,231,Other Regional Centres,7905.0,1101.0,44.0,4.9,51.2,899.3059169,-37.859836,147.5871,8.0,89.0,-4.0,very_low,True,False,False,False,False,230.48296433370868,990.1358145069,48.6912,True,False,moderate_growth,False,False,True,False
bairnsdale,2,house,377.6,217,Other Regional Centres,7905.0,1101.0,44.0,4.9,51.2,899.3059169,-37.859836,147.5871,8.0,89.0,-4.0,very_low,True,False,False,False,False,230.48296433370868,990.1358145069,48.6912,False,True,moderate_growth,False,False,True,False
bairnsdale,3,flat,444.2,66,Other Regional Centres,7905.0,1101.0,44.0,4.9,51.2,899.3059169,-37.859836,147.5871,8.0,89.0,-4.0,very_low,True,False,False,False,False,230.48296433370868,990.1358145069,48.6912,True,False,moderate_growth,False,False,True,False
bairnsdale,3,house,452.0,711,Other Regional Centres,7905.0,1101.0,44.0,4.9,51.2,899.3059169,-37.859836,147.5871,8.0,89.0,-4.0,very_low,True,False,False,False,False,230.48296433370868,990.1358145069,48.6912,False,True,moderate_growth,False,False,True,False
bairnsdale,4,house,549.0,524,Other Regional Centres,7905.0,1101.0,44.0,4.9,51.2,899.3059169,-37.859836,147.5871,8.0,89.0,-4.0,very_low,True,False,False,False,False,230.48296433370868,990.1358145069,48.6912,False,True,moderate_growth,False,False,True,False
balwyn,1,flat,480.8,243,Inner Eastern Melbourne,13495.0,1975.0,79.6,5.0,57.7,1104.780347,-37.809045,145.083336,-1.0,29.0,-1.0,high,False,False,False,True,False,10.574599161233614,2181.941185325,54.815,True,False,declining,True,False,False,False
balwyn,2,flat,573.6,1333,Inner Eastern Melbourne,13495.0,1975.0,79.6,5.0,57.7,1104.780347,-37.809045,145.083336,-1.0,29.0,-1.0,high,False,False,False,True,False,10.574599161233614,2181.941185325,54.815,True,False,declining,True,False,False,False
balwyn,2,house,569.0,109,Inner Eastern Melbourne,13495.0,1975.0,79.6,5.0,57.7,1104.780347,-37.809045,145.083336,-1.0,29.0,-1.0,high,False,False,False,True,False,10.574599161233614,2181.941185325,54.815,False,True,declining,True,False,False,False
balwyn,3,flat,788.6,499,Inner Eastern Melbourne,13495.0,1975.0,79.6,5.0,57.7,1104.780347,-37.809045,145.083336,-1.0,29.0,-1.0,high,False,False,False,True,False,10.574599161233614,2181.941185325,54.815,True,False,declining,True,False,False,False
balwyn,3,house,715.0,714,Inner Eastern Melbourne,13495.0,1975.0,79.6,5.0,57.7,1104.780347,-37.809045,145.083336,-1.0,29.0,-1.0,high,False,False,False,True,False,10.574599161233614,2181.941185325,54.815,False,True,declining,True,False,False,False
balwyn,4,house,992.2,957,Inner Eastern Melbourne,13495.0,1975.0,79.6,5.0,57.7,1104.780347,-37.809045,145.083336,-1.0,29.0,-1.0,high,False,False,False,True,False,10.574599161233614,2181.941185325,54.815,False,True,declining,True,False,False,False
barwon heads,1,flat,294.0,22,Other Regional Centres,4353.0,2226.0,70.7,2.7,58.3,1100.104798,-38.274752,144.488108,-3.0,87.0,-5.0,high,False,False,False,True,False,66.02670984700275,2448.8332803480002,56.725899999999996,True,False,declining,True,False,False,False
barwon heads,2,flat,456.2,294,Other Regional Centres,4353.0,2226.0,70.7,2.7,58.3,1100.104798,-38.274752,144.488108,-3.0,87.0,-5.0,high,False,False,False,True,False,66.02670984700275,2448.8332803480002,56.725899999999996,True,False,declining,True,False,False,False
barwon heads,2,house,490.0,114,Other Regional Centres,4353.0,2226.0,70.7,2.7,58.3,1100.104798,-38.274752,144.488108,-3.0,87.0,-5.0,high,False,False,False,True,False,66.02670984700275,2448.8332803480002,56.725899999999996,False,True,declining,True,False,False,False
barwon heads,3,flat,573.6,211,Other Regional Centres,4353.0,2226.0,70.7,2.7,58.3,1100.104798,-38.274752,144.488108,-3.0,87.0,-5.0,high,False,False,False,True,False,66.02670984700275,2448.8332803480002,56.725899999999996,True,False,declining,True,False,False,False
barwon heads,3,house,542.0,852,Other Regional Centres,4353.0,2226.0,70.7,2.7,58.3,1100.104798,-38.274752,144.488108,-3.0,87.0,-5.0,high,False,False,False,True,False,66.02670984700275,2448.8332803480002,56.725899999999996,False,True,declining,True,False,False,False
barwon heads,4,house,632.0,822,Other Regional Centres,4353.0,2226.0,70.7,2.7,58.3,1100.104798,-38.274752,144.488108,-3.0,87.0,-5.0,high,False,False,False,True,False,66.02670984700275,2448.8332803480002,56.725899999999996,False,True,declining,True,False,False,False
bayswater,1,flat,370.8,65,Outer Eastern Melbourne,12262.0,1598.0,60.8,4.4,63.0,986.3578771,-37.845207,145.264679,8.0,47.0,2.0,low,False,True,False,False,False,26.718695051194626,1576.1998876058,60.227999999999994,True,False,moderate_growth,False,False,True,False
bayswater,2,flat,472.6,655,Outer Eastern Melbourne,12262.0,1598.0,60.8,4.4,63.0,986.3578771,-37.845207,145.264679,8.0,47.0,2.0,low,False,True,False,False,False,26.718695051194626,1576.1998876058,60.227999999999994,True,False,moderate_growth,False,False,True,False
bayswater,2,house,491.8,134,Outer Eastern Melbourne,12262.0,1598.0,60.8,4.4,63.0,986.3578771,-37.845207,145.264679,8.0,47.0,2.0,low,False,True,False,False,False,26.718695051194626,1576.1998876058,60.227999999999994,False,True,moderate_growth,False,False,True,False
bayswater,3,flat,584.0,401,Outer Eastern Melbourne,12262.0,1598.0,60.8,4.4,63.0,986.3578771,-37.845207,145.264679,8.0,47.0,2.0,low,False,True,False,False,False,26.718695051194626,1576.1998876058,60.227999999999994,True,False,moderate_growth,False,False,True,False
bayswater,3,house,572.0,722,Outer Eastern Melbourne,12262.0,1598.0,60.8,4.4,63.0,986.3578771,-37.845207,145.264679,8.0,47.0,2.0,low,False,True,False,False,False,26.718695051194626,1576.1998876058,60.227999999999994,False,True,moderate_growth,False,False,True,False
bayswater,4,house,656.0,258,Outer Eastern Melbourne,12262.0,1598.0,60.8,4.4,63.0,986.3578771,-37.845207,145.264679,8.0,47.0,2.0,low,False,True,False,False,False,26.718695051194626,1576.1998876058,60.227999999999994,False,True,moderate_growth,False,False,True,False
beaumaris,1,flat,469.0,553,Southern Melbourne,13947.0,2626.0,73.5,3.8,62.9,1133.845028,-37.982214,145.038894,2.0,56.0,-14.0,very_high,False,False,False,False,True,19.893594227928062,2977.4770435279997,60.5098,True,False,slow_growth,False,True,False,False
beaumaris,2,flat,628.6,1885,Southern Melbourne,13947.0,2626.0,73.5,3.8,62.9,1133.845028,-37.982214,145.038894,2.0,56.0,-14.0,very_high,False,False,False,False,True,19.893594227928062,2977.4770435279997,60.5098,True,False,slow_growth,False,True,False,False
beaumaris,2,house,637.6,182,Southern Melbourne,13947.0,2626.0,73.5,3.8,62.9,1133.845028,-37.982214,145.038894,2.0,56.0,-14.0,very_high,False,False,False,False,True,19.893594227928062,2977.4770435279997,60.5098,False,True,slow_growth,False,True,False,False
beaumaris,3,flat,896.0,510,Southern Melbourne,13947.0,2626.0,73.5,3.8,62.9,1133.845028,-37.982214,145.038894,2.0,56.0,-14.0,very_high,False,False,False,False,True,19.893594227928062,2977.4770435279997,60.5098,True,False,slow_growth,False,True,False,False
beaumaris,3,house,875.2,759,Southern Melbourne,13947.0,2626.0,73.5,3.8,62.9,1133.845028,-37.982214,145.038894,2.0,56.0,-14.0,very_high,False,False,False,False,True,19.893594227928062,2977.4770435279997,60.5098,False,True,slow_growth,False,True,False,False
beaumaris,4,house,1281.2,818,Southern Melbourne,13947.0,2626.0,73.5,3.8,62.9,1133.845028,-37.982214,145.038894,2.0,56.0,-14.0,very_high,False,False,False,False,True,19.893594227928062,2977.4770435279997,60.5098,False,True,slow_growth,False,True,False,False
belmont,1,flat,323.0,662,Geelong,15066.0,1517.0,61.8,4.6,63.0,995.4426072,-38.178068,144.342136,1.0,79.0,9.0,low,False,True,False,False,False,67.84723989400088,1510.0864351224,60.102,True,False,slow_growth,False,True,False,False
belmont,2,flat,425.0,1602,Geelong,15066.0,1517.0,61.8,4.6,63.0,995.4426072,-38.178068,144.342136,1.0,79.0,9.0,low,False,True,False,False,False,67.84723989400088,1510.0864351224,60.102,True,False,slow_growth,False,True,False,False
belmont,2,house,442.0,383,Geelong,15066.0,1517.0,61.8,4.6,63.0,995.4426072,-38.178068,144.342136,1.0,79.0,9.0,low,False,True,False,False,False,67.84723989400088,1510.0864351224,60.102,False,True,slow_growth,False,True,False,False
belmont,3,flat,492.6,581,Geelong,15066.0,1517.0,61.8,4.6,63.0,995.4426072,-38.178068,144.342136,1.0,79.0,9.0,low,False,True,False,False,False,67.84723989400088,1510.0864351224,60.102,True,False,slow_growth,False,True,False,False
belmont,3,house,490.0,3670,Geelong,15066.0,1517.0,61.8,4.6,63.0,995.4426072,-38.178068,144.342136,1.0,79.0,9.0,low,False,True,False,False,False,67.84723989400088,1510.0864351224,60.102,False,True,slow_growth,False,True,False,False
belmont,4,house,546.0,2666,Geelong,15066.0,1517.0,61.8,4.6,63.0,995.4426072,-38.178068,144.342136,1.0,79.0,9.0,low,False,True,False,False,False,67.84723989400088,1510.0864351224,60.102,False,True,slow_growth,False,True,False,False
benalla,1,flat,264.6,141,Other Regional Centres,10822.0,1142.0,42.3,3.8,49.5,921.8295863,-36.578895,145.996773,10.0,118.0,12.0,very_low,True,False,False,False,False,165.0184105726929,1052.7293875546,47.619,True,False,moderate_growth,False,False,True,False
benalla,2,flat,360.0,250,Other Regional Centres,10822.0,1142.0,42.3,3.8,49.5,921.8295863,-36.578895,145.996773,10.0,118.0,12.0,very_low,True,False,False,False,False,165.0184105726929,1052.7293875546,47.619,True,False,moderate_growth,False,False,True,False
benalla,2,house,372.0,158,Other Regional Centres,10822.0,1142.0,42.3,3.8,49.5,921.8295863,-36.578895,145.996773,10.0,118.0,12.0,very_low,True,False,False,False,False,165.0184105726929,1052.7293875546,47.619,False,True,moderate_growth,False,False,True,False
benalla,3,flat,402.5,32,Other Regional Centres,10822.0,1142.0,42.3,3.8,49.5,921.8295863,-36.578895,145.996773,10.0,118.0,12.0,very_low,True,False,False,False,False,165.0184105726929,1052.7293875546,47.619,True,False,moderate_growth,False,False,True,False
benalla,3,house,444.6,724,Other Regional Centres,10822.0,1142.0,42.3,3.8,49.5,921.8295863,-36.578895,145.996773,10.0,118.0,12.0,very_low,True,False,False,False,False,165.0184105726929,1052.7293875546,47.619,False,True,moderate_growth,False,False,True,False
benalla,4,house,540.2,412,Other Regional Centres,10822.0,1142.0,42.3,3.8,49.5,921.8295863,-36.578895,145.996773,10.0,118.0,12.0,very_low,True,False,False,False,False,165.0184105726929,1052.7293875546,47.619,False,True,moderate_growth,False,False,True,False
bendigo,1,flat,308.0,112,Bendigo,5652.0,1429.0,59.0,4.4,60.8,983.3201186,-36.757064,144.279391,0.0,67.0,2.0,low,False,True,False,False,False,132.13759607578734,1405.1644494794,58.12479999999999,True,False,declining,True,False,False,False
bendigo,2,flat,400.0,281,Bendigo,5652.0,1429.0,59.0,4.4,60.8,983.3201186,-36.757064,144.279391,0.0,67.0,2.0,low,False,True,False,False,False,132.13759607578734,1405.1644494794,58.12479999999999,True,False,declining,True,False,False,False
bendigo,2,house,443.6,268,Bendigo,5652.0,1429.0,59.0,4.4,60.8,983.3201186,-36.757064,144.279391,0.0,67.0,2.0,low,False,True,False,False,False,132.13759607578734,1405.1644494794,58.12479999999999,False,True,declining,True,False,False,False
bendigo,3,flat,478.75,61,Bendigo,5652.0,1429.0,59.0,4.4,60.8,983.3201186,-36.757064,144.279391,0.0,67.0,2.0,low,False,True,False,False,False,132.13759607578734,1405.1644494794,58.12479999999999,True,False,declining,True,False,False,False
bendigo,3,house,468.0,706,Bendigo,5652.0,1429.0,59.0,4.4,60.8,983.3201186,-36.757064,144.279391,0.0,67.0,2.0,low,False,True,False,False,False,132.13759607578734,1405.1644494794,58.12479999999999,False,True,declining,True,False,False,False
bendigo,4,house,544.0,117,Bendigo,5652.0,1429.0,59.0,4.4,60.8,983.3201186,-36.757064,144.279391,0.0,67.0,2.0,low,False,True,False,False,False,132.13759607578734,1405.1644494794,58.12479999999999,False,True,declining,True,False,False,False
bentleigh,1,flat,405.0,926,Southern Melbourne,17921.0,2263.0,77.4,4.3,68.3,1102.817245,-37.922575,145.038455,7.0,40.0,-5.0,high,False,False,False,True,False,13.805321423831412,2495.6754254350003,65.36309999999999,True,False,moderate_growth,False,False,True,False
bentleigh,2,flat,571.0,3188,Southern Melbourne,17921.0,2263.0,77.4,4.3,68.3,1102.817245,-37.922575,145.038455,7.0,40.0,-5.0,high,False,False,False,True,False,13.805321423831412,2495.6754254350003,65.36309999999999,True,False,moderate_growth,False,False,True,False
bentleigh,2,house,600.0,310,Southern Melbourne,17921.0,2263.0,77.4,4.3,68.3,1102.817245,-37.922575,145.038455,7.0,40.0,-5.0,high,False,False,False,True,False,13.805321423831412,2495.6754254350003,65.36309999999999,False,True,moderate_growth,False,False,True,False
bentleigh,3,flat,752.0,1051,Southern Melbourne,17921.0,2263.0,77.4,4.3,68.3,1102.817245,-37.922575,145.038455,7.0,40.0,-5.0,high,False,False,False,True,False,13.805321423831412,2495.6754254350003,65.36309999999999,True,False,moderate_growth,False,False,True,False
bentleigh,3,house,721.0,1706,Southern Melbourne,17921.0,2263.0,77.4,4.3,68.3,1102.817245,-37.922575,145.038455,7.0,40.0,-5.0,high,False,False,False,True,False,13.805321423831412,2495.6754254350003,65.36309999999999,False,True,moderate_growth,False,False,True,False
bentleigh,4,house,1005.0,1366,Southern Melbourne,17921.0,2263.0,77.4,4.3,68.3,1102.817245,-37.922575,145.038455,7.0,40.0,-5.0,high,False,False,False,True,False,13.805321423831412,2495.6754254350003,65.36309999999999,False,True,moderate_growth,False,False,True,False
berwick,1,flat,357.6666666666667,40,South Eastern Melbourne,50298.0,2113.0,63.7,4.9,66.9,1042.841432,-38.039911,145.348568,4.0,68.0,6.0,medium,False,False,True,False,False,42.14658610374264,2203.523945816,63.621900000000004,True,False,slow_growth,False,True,False,False
berwick,2,flat,484.0,293,South Eastern Melbourne,50298.0,2113.0,63.7,4.9,66.9,1042.841432,-38.039911,145.348568,4.0,68.0,6.0,medium,False,False,True,False,False,42.14658610374264,2203.523945816,63.621900000000004,True,False,slow_growth,False,True,False,False
berwick,2,house,484.6,260,South Eastern Melbourne,50298.0,2113.0,63.7,4.9,66.9,1042.841432,-38.039911,145.348568,4.0,68.0,6.0,medium,False,False,True,False,False,42.14658610374264,2203.523945816,63.621900000000004,False,True,slow_growth,False,True,False,False
berwick,3,flat,534.4,374,South Eastern Melbourne,50298.0,2113.0,63.7,4.9,66.9,1042.841432,-38.039911,145.348568,4.0,68.0,6.0,medium,False,False,True,False,False,42.14658610374264,2203.523945816,63.621900000000004,True,False,slow_growth,False,True,False,False
berwick,3,house,554.0,3423,South Eastern Melbourne,50298.0,2113.0,63.7,4.9,66.9,1042.841432,-38.039911,145.348568,4.0,68.0,6.0,medium,False,False,True,False,False,42.14658610374264,2203.523945816,63.621900000000004,False,True,slow_growth,False,True,False,False
berwick,4,house,617.0,5132,South Eastern Melbourne,50298.0,2113.0,63.7,4.9,66.9,1042.841432,-38.039911,145.348568,4.0,68.0,6.0,medium,False,False,True,False,False,42.14658610374264,2203.523945816,63.621900000000004,False,True,slow_growth,False,True,False,False
blackburn,1,flat,450.0,547,Inner Eastern Melbourne,14478.0,2065.0,76.2,4.5,64.8,1095.447577,-37.821683,145.152264,6.0,34.0,15.0,high,False,False,False,True,False,16.64049880152609,2262.099246505,61.88399999999999,True,False,moderate_growth,False,False,True,False
blackburn,2,flat,543.0,969,Inner Eastern Melbourne,14478.0,2065.0,76.2,4.5,64.8,1095.447577,-37.821683,145.152264,6.0,34.0,15.0,high,False,False,False,True,False,16.64049880152609,2262.099246505,61.88399999999999,True,False,moderate_growth,False,False,True,False
blackburn,2,house,552.0,115,Inner Eastern Melbourne,14478.0,2065.0,76.2,4.5,64.8,1095.447577,-37.821683,145.152264,6.0,34.0,15.0,high,False,False,False,True,False,16.64049880152609,2262.099246505,61.88399999999999,False,True,moderate_growth,False,False,True,False
blackburn,3,flat,649.4,392,Inner Eastern Melbourne,14478.0,2065.0,76.2,4.5,64.8,1095.447577,-37.821683,145.152264,6.0,34.0,15.0,high,False,False,False,True,False,16.64049880152609,2262.099246505,61.88399999999999,True,False,moderate_growth,False,False,True,False
blackburn,3,house,605.0,970,Inner Eastern Melbourne,14478.0,2065.0,76.2,4.5,64.8,1095.447577,-37.821683,145.152264,6.0,34.0,15.0,high,False,False,False,True,False,16.64049880152609,2262.099246505,61.88399999999999,False,True,moderate_growth,False,False,True,False
blackburn,4,house,761.6,536,Inner Eastern Melbourne,14478.0,2065.0,76.2,4.5,64.8,1095.447577,-37.821683,145.152264,6.0,34.0,15.0,high,False,False,False,True,False,16.64049880152609,2262.099246505,61.88399999999999,False,True,moderate_growth,False,False,True,False
boronia,1,flat,411.6,78,Outer Eastern Melbourne,23607.0,1619.0,60.4,4.3,63.4,991.7487506,-37.856109,145.286202,5.0,50.0,5.0,low,False,True,False,False,False,28.765732228697313,1605.6412272214,60.67379999999999,True,False,slow_growth,False,True,False,False
boronia,2,flat,490.8,663,Outer Eastern Melbourne,23607.0,1619.0,60.4,4.3,63.4,991.7487506,-37.856109,145.286202,5.0,50.0,5.0,low,False,True,False,False,False,28.765732228697313,1605.6412272214,60.67379999999999,True,False,slow_growth,False,True,False,False
boronia,2,house,486.0,148,Outer Eastern Melbourne,23607.0,1619.0,60.4,4.3,63.4,991.7487506,-37.856109,145.286202,5.0,50.0,5.0,low,False,True,False,False,False,28.765732228697313,1605.6412272214,60.67379999999999,False,True,slow_growth,False,True,False,False
boronia,3,flat,581.0,460,Outer Eastern Melbourne,23607.0,1619.0,60.4,4.3,63.4,991.7487506,-37.856109,145.286202,5.0,50.0,5.0,low,False,True,False,False,False,28.765732228697313,1605.6412272214,60.67379999999999,True,False,slow_growth,False,True,False,False
boronia,3,house,570.0,831,Outer Eastern Melbourne,23607.0,1619.0,60.4,4.3,63.4,991.7487506,-37.856109,145.286202,5.0,50.0,5.0,low,False,True,False,False,False,28.765732228697313,1605.6412272214,60.67379999999999,False,True,slow_growth,False,True,False,False
boronia,4,house,662.0,298,Outer Eastern Melbourne,23607.0,1619.0,60.4,4.3,63.4,991.7487506,-37.856109,145.286202,5.0,50.0,5.0,low,False,True,False,False,False,28.765732228697313,1605.6412272214,60.67379999999999,False,True,slow_growth,False,True,False,False
box hill,1,flat,489.8,2111,Inner Eastern Melbourne,14353.0,1267.0,80.2,7.7,57.9,1018.854171,-37.821509,145.126101,0.0,26.0,-7.0,medium,False,False,True,False,False,14.345045007178776,1290.888234657,53.441700000000004,True,False,declining,True,False,False,False
box hill,2,flat,602.0,5875,Inner Eastern Melbourne,14353.0,1267.0,80.2,7.7,57.9,1018.854171,-37.821509,145.126101,0.0,26.0,-7.0,medium,False,False,True,False,False,14.345045007178776,1290.888234657,53.441700000000004,True,False,declining,True,False,False,False
box hill,2,house,520.0,344,Inner Eastern Melbourne,14353.0,1267.0,80.2,7.7,57.9,1018.854171,-37.821509,145.126101,0.0,26.0,-7.0,medium,False,False,True,False,False,14.345045007178776,1290.888234657,53.441700000000004,False,True,declining,True,False,False,False
box hill,3,flat,715.6,1173,Inner Eastern Melbourne,14353.0,1267.0,80.2,7.7,57.9,1018.854171,-37.821509,145.126101,0.0,26.0,-7.0,medium,False,False,True,False,False,14.345045007178776,1290.888234657,53.441700000000004,True,False,declining,True,False,False,False
box hill,3,house,638.0,1083,Inner Eastern Melbourne,14353.0,1267.0,80.2,7.7,57.9,1018.854171,-37.821509,145.126101,0.0,26.0,-7.0,medium,False,False,True,False,False,14.345045007178776,1290.888234657,53.441700000000004,False,True,declining,True,False,False,False
box hill,4,house,797.4,640,Inner Eastern Melbourne,14353.0,1267.0,80.2,7.7,57.9,1018.854171,-37.821509,145.126101,0.0,26.0,-7.0,medium,False,False,True,False,False,14.345045007178776,1290.888234657,53.441700000000004,False,True,declining,True,False,False,False
brighton,1,flat,447.2,815,Southern Melbourne,23252.0,2710.0,79.0,3.7,59.4,1145.286896,-37.908426,144.996009,-3.0,48.0,-5.0,very_high,False,False,False,False,True,10.932796639880298,3103.72748816,57.2022,True,False,declining,True,False,False,False
brighton,2,flat,641.0,1599,Southern Melbourne,23252.0,2710.0,79.0,3.7,59.4,1145.286896,-37.908426,144.996009,-3.0,48.0,-5.0,very_high,False,False,False,False,True,10.932796639880298,3103.72748816,57.2022,True,False,declining,True,False,False,False
brighton,2,house,750.0,87,Southern Melbourne,23252.0,2710.0,79.0,3.7,59.4,1145.286896,-37.908426,144.996009,-3.0,48.0,-5.0,very_high,False,False,False,False,True,10.932796639880298,3103.72748816,57.2022,False,True,declining,True,False,False,False
brighton,3,flat,972.0,605,Southern Melbourne,23252.0,2710.0,79.0,3.7,59.4,1145.286896,-37.908426,144.996009,-3.0,48.0,-5.0,very_high,False,False,False,False,True,10.932796639880298,3103.72748816,57.2022,True,False,declining,True,False,False,False
brighton,3,house,1120.0,445,Southern Melbourne,23252.0,2710.0,79.0,3.7,59.4,1145.286896,-37.908426,144.996009,-3.0,48.0,-5.0,very_high,False,False,False,False,True,10.932796639880298,3103.72748816,57.2022,False,True,declining,True,False,False,False
brighton,4,house,1606.6,529,Southern Melbourne,23252.0,2710.0,79.0,3.7,59.4,1145.286896,-37.908426,144.996009,-3.0,48.0,-5.0,very_high,False,False,False,False,True,10.932796639880298,3103.72748816,57.2022,False,True,declining,True,False,False,False
brighton east,1,flat,265.0,213,Southern Melbourne,16757.0,2544.0,75.8,4.4,61.2,1126.566826,-37.917422,145.016604,-3.0,36.0,-8.0,very_high,False,False,False,False,True,12.46332618418719,2865.986005344,58.5072,True,False,declining,True,False,False,False
brighton east,2,flat,614.0,338,Southern Melbourne,16757.0,2544.0,75.8,4.4,61.2,1126.566826,-37.917422,145.016604,-3.0,36.0,-8.0,very_high,False,False,False,False,True,12.46332618418719,2865.986005344,58.5072,True,False,declining,True,False,False,False
brighton east,2,house,658.0,101,Southern Melbourne,16757.0,2544.0,75.8,4.4,61.2,1126.566826,-37.917422,145.016604,-3.0,36.0,-8.0,very_high,False,False,False,False,True,12.46332618418719,2865.986005344,58.5072,False,True,declining,True,False,False,False
brighton east,3,flat,748.6,142,Southern Melbourne,16757.0,2544.0,75.8,4.4,61.2,1126.566826,-37.917422,145.016604,-3.0,36.0,-8.0,very_high,False,False,False,False,True,12.46332618418719,2865.986005344,58.5072,True,False,declining,True,False,False,False
brighton east,3,house,888.6,354,Southern Melbourne,16757.0,2544.0,75.8,4.4,61.2,1126.566826,-37.917422,145.016604,-3.0,36.0,-8.0,very_high,False,False,False,False,True,12.46332618418719,2865.986005344,58.5072,False,True,declining,True,False,False,False
brighton east,4,house,1342.0,417,Southern Melbourne,16757.0,2544.0,75.8,4.4,61.2,1126.566826,-37.917422,145.016604,-3.0,36.0,-8.0,very_high,False,False,False,False,True,12.46332618418719,2865.986005344,58.5072,False,True,declining,True,False,False,False
broadmeadows,1,flat,332.8,518,North Western Melbourne,12524.0,1151.0,55.8,12.9,44.8,832.6452011,-37.683176,144.931736,9.0,73.0,9.0,very_low,True,False,False,False,False,14.762333916688501,958.3746264661,39.020799999999994,True,False,moderate_growth,False,False,True,False
broadmeadows,2,flat,463.0,1049,North Western Melbourne,12524.0,1151.0,55.8,12.9,44.8,832.6452011,-37.683176,144.931736,9.0,73.0,9.0,very_low,True,False,False,False,False,14.762333916688501,958.3746264661,39.020799999999994,True,False,moderate_growth,False,False,True,False
broadmeadows,2,house,456.0,366,North Western Melbourne,12524.0,1151.0,55.8,12.9,44.8,832.6452011,-37.683176,144.931736,9.0,73.0,9.0,very_low,True,False,False,False,False,14.762333916688501,958.3746264661,39.020799999999994,False,True,moderate_growth,False,False,True,False
broadmeadows,3,flat,511.0,626,North Western Melbourne,12524.0,1151.0,55.8,12.9,44.8,832.6452011,-37.683176,144.931736,9.0,73.0,9.0,very_low,True,False,False,False,False,14.762333916688501,958.3746264661,39.020799999999994,True,False,moderate_growth,False,False,True,False
broadmeadows,3,house,498.2,2996,North Western Melbourne,12524.0,1151.0,55.8,12.9,44.8,832.6452011,-37.683176,144.931736,9.0,73.0,9.0,very_low,True,False,False,False,False,14.762333916688501,958.3746264661,39.020799999999994,False,True,moderate_growth,False,False,True,False
broadmeadows,4,house,606.0,1834,North Western Melbourne,12524.0,1151.0,55.8,12.9,44.8,832.6452011,-37.683176,144.931736,9.0,73.0,9.0,very_low,True,False,False,False,False,14.762333916688501,958.3746264661,39.020799999999994,False,True,moderate_growth,False,False,True,False
brunswick,1,flat,456.6,2343,North Western Melbourne,24896.0,2096.0,83.0,4.7,74.5,1105.687169,-37.766341,144.961237,1.0,52.0,5.0,high,False,False,False,True,False,5.257510410651243,2317.5203062240003,70.99849999999999,True,False,slow_growth,False,True,False,False
brunswick,2,flat,589.0,2990,North Western Melbourne,24896.0,2096.0,83.0,4.7,74.5,1105.687169,-37.766341,144.961237,1.0,52.0,5.0,high,False,False,False,True,False,5.257510410651243,2317.5203062240003,70.99849999999999,True,False,slow_growth,False,True,False,False
brunswick,2,house,652.0,875,North Western Melbourne,24896.0,2096.0,83.0,4.7,74.5,1105.687169,-37.766341,144.961237,1.0,52.0,5.0,high,False,False,False,True,False,5.257510410651243,2317.5203062240003,70.99849999999999,False,True,slow_growth,False,True,False,False
brunswick,3,flat,815.0,314,North Western Melbourne,24896.0,2096.0,83.0,4.7,74.5,1105.687169,-37.766341,144.961237,1.0,52.0,5.0,high,False,False,False,True,False,5.257510410651243,2317.5203062240003,70.99849999999999,True,False,slow_growth,False,True,False,False
brunswick,3,house,837.0,844,North Western Melbourne,24896.0,2096.0,83.0,4.7,74.5,1105.687169,-37.766341,144.961237,1.0,52.0,5.0,high,False,False,False,True,False,5.257510410651243,2317.5203062240003,70.99849999999999,False,True,slow_growth,False,True,False,False
brunswick,4,house,1021.0,221,North Western Melbourne,24896.0,2096.0,83.0,4.7,74.5,1105.687169,-37.766341,144.961237,1.0,52.0,5.0,high,False,False,False,True,False,5.257510410651243,2317.5203062240003,70.99849999999999,False,True,slow_growth,False,True,False,False
bulleen,1,flat,478.0,711,Inner Eastern Melbourne,11219.0,1814.0,67.4,5.1,58.5,1061.370438,-37.768658,145.087069,6.0,26.0,1.0,medium,False,False,True,False,False,11.984942678696996,1925.3259745319997,55.5165,True,False,moderate_growth,False,False,True,False
bulleen,2,flat,582.0,2279,Inner Eastern Melbourne,11219.0,1814.0,67.4,5.1,58.5,1061.370438,-37.768658,145.087069,6.0,26.0,1.0,medium,False,False,True,False,False,11.984942678696996,1925.3259745319997,55.5165,True,False,moderate_growth,False,False,True,False
bulleen,2,house,556.0,183,Inner Eastern Melbourne,11219.0,1814.0,67.4,5.1,58.5,1061.370438,-37.768658,145.087069,6.0,26.0,1.0,medium,False,False,True,False,False,11.984942678696996,1925.3259745319997,55.5165,False,True,moderate_growth,False,False,True,False
bulleen,3,flat,704.0,1019,Inner Eastern Melbourne,11219.0,1814.0,67.4,5.1,58.5,1061.370438,-37.768658,145.087069,6.0,26.0,1.0,medium,False,False,True,False,False,11.984942678696996,1925.3259745319997,55.5165,True,False,moderate_growth,False,False,True,False
bulleen,3,house,646.0,1367,Inner Eastern Melbourne,11219.0,1814.0,67.4,5.1,58.5,1061.370438,-37.768658,145.087069,6.0,26.0,1.0,medium,False,False,True,False,False,11.984942678696996,1925.3259745319997,55.5165,False,True,moderate_growth,False,False,True,False
bulleen,4,house,802.4,1980,Inner Eastern Melbourne,11219.0,1814.0,67.4,5.1,58.5,1061.370438,-37.768658,145.087069,6.0,26.0,1.0,medium,False,False,True,False,False,11.984942678696996,1925.3259745319997,55.5165,False,True,moderate_growth,False,False,True,False
bundoora,1,flat,404.0,749,North Eastern Melbourne,28068.0,1668.0,66.3,6.7,60.9,1015.20689,-37.698609,145.059597,4.0,50.0,0.0,medium,False,False,True,False,False,15.344709389202086,1693.3650925200002,56.819700000000005,True,False,slow_growth,False,True,False,False
bundoora,2,flat,478.0,2091,North Eastern Melbourne,28068.0,1668.0,66.3,6.7,60.9,1015.20689,-37.698609,145.059597,4.0,50.0,0.0,medium,False,False,True,False,False,15.344709389202086,1693.3650925200002,56.819700000000005,True,False,slow_growth,False,True,False,False
bundoora,2,house,500.0,535,North Eastern Melbourne,28068.0,1668.0,66.3,6.7,60.9,1015.20689,-37.698609,145.059597,4.0,50.0,0.0,medium,False,False,True,False,False,15.344709389202086,1693.3650925200002,56.819700000000005,False,True,slow_growth,False,True,False,False
bundoora,3,flat,578.0,956,North Eastern Melbourne,28068.0,1668.0,66.3,6.7,60.9,1015.20689,-37.698609,145.059597,4.0,50.0,0.0,medium,False,False,True,False,False,15.344709389202086,1693.3650925200002,56.819700000000005,True,False,slow_growth,False,True,False,False
bundoora,3,house,560.0,3477,North Eastern Melbourne,28068.0,1668.0,66.3,6.7,60.9,1015.20689,-37.698609,145.059597,4.0,50.0,0.0,medium,False,False,True,False,False,15.344709389202086,1693.3650925200002,56.819700000000005,False,True,slow_growth,False,True,False,False
bundoora,4,house,604.0,2620,North Eastern Melbourne,28068.0,1668.0,66.3,6.7,60.9,1015.20689,-37.698609,145.059597,4.0,50.0,0.0,medium,False,False,True,False,False,15.344709389202086,1693.3650925200002,56.819700000000005,False,True,slow_growth,False,True,False,False
buninyong,1,flat,278.0,22,Ballarat,3797.0,1745.0,58.5,2.7,60.5,1044.931003,-37.651907,143.897276,2.0,96.0,0.0,medium,False,False,True,False,False,95.43806167534409,1823.4046002349999,58.8665,True,False,slow_growth,False,True,False,False
buninyong,2,flat,350.6,112,Ballarat,3797.0,1745.0,58.5,2.7,60.5,1044.931003,-37.651907,143.897276,2.0,96.0,0.0,medium,False,False,True,False,False,95.43806167534409,1823.4046002349999,58.8665,True,False,slow_growth,False,True,False,False
buninyong,2,house,365.0,12,Ballarat,3797.0,1745.0,58.5,2.7,60.5,1044.931003,-37.651907,143.897276,2.0,96.0,0.0,medium,False,False,True,False,False,95.43806167534409,1823.4046002349999,58.8665,False,True,slow_growth,False,True,False,False
buninyong,3,flat,380.0,75,Ballarat,3797.0,1745.0,58.5,2.7,60.5,1044.931003,-37.651907,143.897276,2.0,96.0,0.0,medium,False,False,True,False,False,95.43806167534409,1823.4046002349999,58.8665,True,False,slow_growth,False,True,False,False
buninyong,3,house,410.6,272,Ballarat,3797.0,1745.0,58.5,2.7,60.5,1044.931003,-37.651907,143.897276,2.0,96.0,0.0,medium,False,False,True,False,False,95.43806167534409,1823.4046002349999,58.8665,False,True,slow_growth,False,True,False,False
buninyong,4,house,478.0,222,Ballarat,3797.0,1745.0,58.5,2.7,60.5,1044.931003,-37.651907,143.897276,2.0,96.0,0.0,medium,False,False,True,False,False,95.43806167534409,1823.4046002349999,58.8665,False,True,slow_growth,False,True,False,False
burnley,1,flat,501.0,4448,Inner Melbourne,794.0,2423.0,88.3,2.3,75.1,1139.663132,-37.829576,145.017321,-10.0,29.0,62.0,very_high,False,False,False,False,True,5.083057727522886,2761.4037688359995,73.3727,True,False,declining,True,False,False,False
burnley,2,flat,692.6,4439,Inner Melbourne,794.0,2423.0,88.3,2.3,75.1,1139.663132,-37.829576,145.017321,-10.0,29.0,62.0,very_high,False,False,False,False,True,5.083057727522886,2761.4037688359995,73.3727,True,False,declining,True,False,False,False
burnley,2,house,737.6,1331,Inner Melbourne,794.0,2423.0,88.3,2.3,75.1,1139.663132,-37.829576,145.017321,-10.0,29.0,62.0,very_high,False,False,False,False,True,5.083057727522886,2761.4037688359995,73.3727,False,True,declining,True,False,False,False
burnley,3,flat,1003.0,663,Inner Melbourne,794.0,2423.0,88.3,2.3,75.1,1139.663132,-37.829576,145.017321,-10.0,29.0,62.0,very_high,False,False,False,False,True,5.083057727522886,2761.4037688359995,73.3727,True,False,declining,True,False,False,False
burnley,3,house,969.0,1128,Inner Melbourne,794.0,2423.0,88.3,2.3,75.1,1139.663132,-37.829576,145.017321,-10.0,29.0,62.0,very_high,False,False,False,False,True,5.083057727522886,2761.4037688359995,73.3727,False,True,declining,True,False,False,False
burnley,4,house,1276.0,217,Inner Melbourne,794.0,2423.0,88.3,2.3,75.1,1139.663132,-37.829576,145.017321,-10.0,29.0,62.0,very_high,False,False,False,False,True,5.083057727522886,2761.4037688359995,73.3727,False,True,declining,True,False,False,False
burwood,1,flat,408.0,415,Inner Eastern Melbourne,15147.0,1684.0,78.4,7.2,60.9,1060.101111,-37.849648,145.111267,11.0,28.0,9.0,medium,False,False,True,False,False,13.61593014451072,1785.2102709239998,56.51519999999999,True,False,strong_growth,False,False,False,True
burwood,2,flat,563.0,915,Inner Eastern Melbourne,15147.0,1684.0,78.4,7.2,60.9,1060.101111,-37.849648,145.111267,11.0,28.0,9.0,medium,False,False,True,False,False,13.61593014451072,1785.2102709239998,56.51519999999999,True,False,strong_growth,False,False,False,True
burwood,2,house,552.0,199,Inner Eastern Melbourne,15147.0,1684.0,78.4,7.2,60.9,1060.101111,-37.849648,145.111267,11.0,28.0,9.0,medium,False,False,True,False,False,13.61593014451072,1785.2102709239998,56.51519999999999,False,True,strong_growth,False,False,False,True
burwood,3,flat,698.8,502,Inner Eastern Melbourne,15147.0,1684.0,78.4,7.2,60.9,1060.101111,-37.849648,145.111267,11.0,28.0,9.0,medium,False,False,True,False,False,13.61593014451072,1785.2102709239998,56.51519999999999,True,False,strong_growth,False,False,False,True
burwood,3,house,650.0,867,Inner Eastern Melbourne,15147.0,1684.0,78.4,7.2,60.9,1060.101111,-37.849648,145.111267,11.0,28.0,9.0,medium,False,False,True,False,False,13.61593014451072,1785.2102709239998,56.51519999999999,False,True,strong_growth,False,False,False,True
burwood,4,house,849.6,623,Inner Eastern Melbourne,15147.0,1684.0,78.4,7.2,60.9,1060.101111,-37.849648,145.111267,11.0,28.0,9.0,medium,False,False,True,False,False,13.61593014451072,1785.2102709239998,56.51519999999999,False,True,strong_growth,False,False,False,True
burwood east,1,flat,512.0,235,Inner Eastern Melbourne,10675.0,1610.0,71.3,5.8,57.8,1047.014613,-37.853573,145.150422,4.0,36.0,13.0,medium,False,False,True,False,False,17.040736423593195,1685.6935269300002,54.447599999999994,True,False,slow_growth,False,True,False,False
burwood east,2,flat,561.0,886,Inner Eastern Melbourne,10675.0,1610.0,71.3,5.8,57.8,1047.014613,-37.853573,145.150422,4.0,36.0,13.0,medium,False,False,True,False,False,17.040736423593195,1685.6935269300002,54.447599999999994,True,False,slow_growth,False,True,False,False
burwood east,2,house,530.0,129,Inner Eastern Melbourne,10675.0,1610.0,71.3,5.8,57.8,1047.014613,-37.853573,145.150422,4.0,36.0,13.0,medium,False,False,True,False,False,17.040736423593195,1685.6935269300002,54.447599999999994,False,True,slow_growth,False,True,False,False
burwood east,3,flat,650.0,417,Inner Eastern Melbourne,10675.0,1610.0,71.3,5.8,57.8,1047.014613,-37.853573,145.150422,4.0,36.0,13.0,medium,False,False,True,False,False,17.040736423593195,1685.6935269300002,54.447599999999994,True,False,slow_growth,False,True,False,False
burwood east,3,house,609.6,1543,Inner Eastern Melbourne,10675.0,1610.0,71.3,5.8,57.8,1047.014613,-37.853573,145.150422,4.0,36.0,13.0,medium,False,False,True,False,False,17.040736423593195,1685.6935269300002,54.447599999999994,False,True,slow_growth,False,True,False,False
burwood east,4,house,740.0,991,Inner Eastern Melbourne,10675.0,1610.0,71.3,5.8,57.8,1047.014613,-37.853573,145.150422,4.0,36.0,13.0,medium,False,False,True,False,False,17.040736423593195,1685.6935269300002,54.447599999999994,False,True,slow_growth,False,True,False,False
camberwell,1,flat,440.0,1110,Inner Eastern Melbourne,21965.0,2457.0,80.2,4.3,62.2,1136.993127,-37.838357,145.073678,0.0,35.0,7.0,very_high,False,False,False,False,True,10.094705983965518,2793.5921130389997,59.5254,True,False,declining,True,False,False,False
camberwell,2,flat,583.2,2780,Inner Eastern Melbourne,21965.0,2457.0,80.2,4.3,62.2,1136.993127,-37.838357,145.073678,0.0,35.0,7.0,very_high,False,False,False,False,True,10.094705983965518,2793.5921130389997,59.5254,True,False,declining,True,False,False,False
camberwell,2,house,644.0,255,Inner Eastern Melbourne,21965.0,2457.0,80.2,4.3,62.2,1136.993127,-37.838357,145.073678,0.0,35.0,7.0,very_high,False,False,False,False,True,10.094705983965518,2793.5921130389997,59.5254,False,True,declining,True,False,False,False
camberwell,3,flat,807.6,862,Inner Eastern Melbourne,21965.0,2457.0,80.2,4.3,62.2,1136.993127,-37.838357,145.073678,0.0,35.0,7.0,very_high,False,False,False,False,True,10.094705983965518,2793.5921130389997,59.5254,True,False,declining,True,False,False,False
camberwell,3,house,828.2,846,Inner Eastern Melbourne,21965.0,2457.0,80.2,4.3,62.2,1136.993127,-37.838357,145.073678,0.0,35.0,7.0,very_high,False,False,False,False,True,10.094705983965518,2793.5921130389997,59.5254,False,True,declining,True,False,False,False
camberwell,4,house,1167.0,813,Inner Eastern Melbourne,21965.0,2457.0,80.2,4.3,62.2,1136.993127,-37.838357,145.073678,0.0,35.0,7.0,very_high,False,False,False,False,True,10.094705983965518,2793.5921130389997,59.5254,False,True,declining,True,False,False,False
canterbury,1,flat,440.0,144,Inner Eastern Melbourne,7800.0,2877.0,80.5,3.8,58.8,1146.17499,-37.823683,145.07553,17.0,49.0,20.0,very_high,False,False,False,False,True,9.939182894060533,3297.54544623,56.565599999999996,True,False,strong_growth,False,False,False,True
canterbury,2,flat,556.0,1234,Inner Eastern Melbourne,7800.0,2877.0,80.5,3.8,58.8,1146.17499,-37.823683,145.07553,17.0,49.0,20.0,very_high,False,False,False,False,True,9.939182894060533,3297.54544623,56.565599999999996,True,False,strong_growth,False,False,False,True
canterbury,2,house,604.0,110,Inner Eastern Melbourne,7800.0,2877.0,80.5,3.8,58.8,1146.17499,-37.823683,145.07553,17.0,49.0,20.0,very_high,False,False,False,False,True,9.939182894060533,3297.54544623,56.565599999999996,False,True,strong_growth,False,False,False,True
canterbury,3,flat,732.0,362,Inner Eastern Melbourne,7800.0,2877.0,80.5,3.8,58.8,1146.17499,-37.823683,145.07553,17.0,49.0,20.0,very_high,False,False,False,False,True,9.939182894060533,3297.54544623,56.565599999999996,True,False,strong_growth,False,False,False,True
canterbury,3,house,781.6,359,Inner Eastern Melbourne,7800.0,2877.0,80.5,3.8,58.8,1146.17499,-37.823683,145.07553,17.0,49.0,20.0,very_high,False,False,False,False,True,9.939182894060533,3297.54544623,56.565599999999996,False,True,strong_growth,False,False,False,True
canterbury,4,house,1077.6,485,Inner Eastern Melbourne,7800.0,2877.0,80.5,3.8,58.8,1146.17499,-37.823683,145.07553,17.0,49.0,20.0,very_high,False,False,False,False,True,9.939182894060533,3297.54544623,56.565599999999996,False,True,strong_growth,False,False,False,True
carlton,1,flat,494.0,5407,Inner Melbourne,16055.0,1292.0,88.7,11.4,63.2,1051.75493,-37.800467,144.968052,3.0,76.0,-15.0,medium,False,False,True,False,False,1.5237484682613511,1358.86736956,55.995200000000004,True,False,slow_growth,False,True,False,False
carlton,2,flat,659.0,6226,Inner Melbourne,16055.0,1292.0,88.7,11.4,63.2,1051.75493,-37.800467,144.968052,3.0,76.0,-15.0,medium,False,False,True,False,False,1.5237484682613511,1358.86736956,55.995200000000004,True,False,slow_growth,False,True,False,False
carlton,2,house,654.0,294,Inner Melbourne,16055.0,1292.0,88.7,11.4,63.2,1051.75493,-37.800467,144.968052,3.0,76.0,-15.0,medium,False,False,True,False,False,1.5237484682613511,1358.86736956,55.995200000000004,False,True,slow_growth,False,True,False,False
carlton,3,flat,852.0,509,Inner Melbourne,16055.0,1292.0,88.7,11.4,63.2,1051.75493,-37.800467,144.968052,3.0,76.0,-15.0,medium,False,False,True,False,False,1.5237484682613511,1358.86736956,55.995200000000004,True,False,slow_growth,False,True,False,False
carlton,3,house,909.0,217,Inner Melbourne,16055.0,1292.0,88.7,11.4,63.2,1051.75493,-37.800467,144.968052,3.0,76.0,-15.0,medium,False,False,True,False,False,1.5237484682613511,1358.86736956,55.995200000000004,False,True,slow_growth,False,True,False,False
carlton,4,house,1157.0,170,Inner Melbourne,16055.0,1292.0,88.7,11.4,63.2,1051.75493,-37.800467,144.968052,3.0,76.0,-15.0,medium,False,False,True,False,False,1.5237484682613511,1358.86736956,55.995200000000004,False,True,slow_growth,False,True,False,False
carlton north,1,flat,421.0,211,Inner Melbourne,6177.0,2400.0,88.6,3.6,75.7,1146.027598,-37.786593,144.968494,12.0,50.0,6.0,very_high,False,False,False,False,True,3.040207296813833,2750.4662351999996,72.9748,True,False,strong_growth,False,False,False,True
carlton north,2,flat,582.0,379,Inner Melbourne,6177.0,2400.0,88.6,3.6,75.7,1146.027598,-37.786593,144.968494,12.0,50.0,6.0,very_high,False,False,False,False,True,3.040207296813833,2750.4662351999996,72.9748,True,False,strong_growth,False,False,False,True
carlton north,2,house,727.6,520,Inner Melbourne,6177.0,2400.0,88.6,3.6,75.7,1146.027598,-37.786593,144.968494,12.0,50.0,6.0,very_high,False,False,False,False,True,3.040207296813833,2750.4662351999996,72.9748,False,True,strong_growth,False,False,False,True
carlton north,3,flat,747.0,57,Inner Melbourne,6177.0,2400.0,88.6,3.6,75.7,1146.027598,-37.786593,144.968494,12.0,50.0,6.0,very_high,False,False,False,False,True,3.040207296813833,2750.4662351999996,72.9748,True,False,strong_growth,False,False,False,True
carlton north,3,house,916.0,352,Inner Melbourne,6177.0,2400.0,88.6,3.6,75.7,1146.027598,-37.786593,144.968494,12.0,50.0,6.0,very_high,False,False,False,False,True,3.040207296813833,2750.4662351999996,72.9748,False,True,strong_growth,False,False,False,True
carlton north,4,house,1278.75,45,Inner Melbourne,6177.0,2400.0,88.6,3.6,75.7,1146.027598,-37.786593,144.968494,12.0,50.0,6.0,very_high,False,False,False,False,True,3.040207296813833,2750.4662351999996,72.9748,False,True,strong_growth,False,False,False,True
carnegie,1,flat,406.0,1623,Southern Melbourne,17909.0,1878.0,80.9,4.6,69.0,1087.693301,-37.893371,145.055602,2.0,34.0,7.0,high,False,False,False,True,False,12.026518354464462,2042.6880192780002,65.826,True,False,slow_growth,False,True,False,False
carnegie,2,flat,587.0,2473,Southern Melbourne,17909.0,1878.0,80.9,4.6,69.0,1087.693301,-37.893371,145.055602,2.0,34.0,7.0,high,False,False,False,True,False,12.026518354464462,2042.6880192780002,65.826,True,False,slow_growth,False,True,False,False
carnegie,2,house,593.0,121,Southern Melbourne,17909.0,1878.0,80.9,4.6,69.0,1087.693301,-37.893371,145.055602,2.0,34.0,7.0,high,False,False,False,True,False,12.026518354464462,2042.6880192780002,65.826,False,True,slow_growth,False,True,False,False
carnegie,3,flat,741.0,430,Southern Melbourne,17909.0,1878.0,80.9,4.6,69.0,1087.693301,-37.893371,145.055602,2.0,34.0,7.0,high,False,False,False,True,False,12.026518354464462,2042.6880192780002,65.826,True,False,slow_growth,False,True,False,False
carnegie,3,house,741.6,239,Southern Melbourne,17909.0,1878.0,80.9,4.6,69.0,1087.693301,-37.893371,145.055602,2.0,34.0,7.0,high,False,False,False,True,False,12.026518354464462,2042.6880192780002,65.826,False,True,slow_growth,False,True,False,False
carnegie,4,house,1025.6,134,Southern Melbourne,17909.0,1878.0,80.9,4.6,69.0,1087.693301,-37.893371,145.055602,2.0,34.0,7.0,high,False,False,False,True,False,12.026518354464462,2042.6880192780002,65.826,False,True,slow_growth,False,True,False,False
carrum,1,flat,427.0,163,Southern Melbourne,4239.0,1732.0,62.1,4.1,65.7,1015.39035,-38.076705,145.128,6.0,80.0,9.0,medium,False,False,True,False,False,32.63425798358622,1758.6560862000001,63.0063,True,False,moderate_growth,False,False,True,False
carrum,2,flat,521.0,1850,Southern Melbourne,4239.0,1732.0,62.1,4.1,65.7,1015.39035,-38.076705,145.128,6.0,80.0,9.0,medium,False,False,True,False,False,32.63425798358622,1758.6560862000001,63.0063,True,False,moderate_growth,False,False,True,False
carrum,2,house,540.0,213,Southern Melbourne,4239.0,1732.0,62.1,4.1,65.7,1015.39035,-38.076705,145.128,6.0,80.0,9.0,medium,False,False,True,False,False,32.63425798358622,1758.6560862000001,63.0063,False,True,moderate_growth,False,False,True,False
carrum,3,flat,661.0,819,Southern Melbourne,4239.0,1732.0,62.1,4.1,65.7,1015.39035,-38.076705,145.128,6.0,80.0,9.0,medium,False,False,True,False,False,32.63425798358622,1758.6560862000001,63.0063,True,False,moderate_growth,False,False,True,False
carrum,3,house,670.0,1037,Southern Melbourne,4239.0,1732.0,62.1,4.1,65.7,1015.39035,-38.076705,145.128,6.0,80.0,9.0,medium,False,False,True,False,False,32.63425798358622,1758.6560862000001,63.0063,False,True,moderate_growth,False,False,True,False
carrum,4,house,848.0,565,Southern Melbourne,4239.0,1732.0,62.1,4.1,65.7,1015.39035,-38.076705,145.128,6.0,80.0,9.0,medium,False,False,True,False,False,32.63425798358622,1758.6560862000001,63.0063,False,True,moderate_growth,False,False,True,False
carrum downs,1,flat,363.6,295,Mornington Peninsula,21976.0,1658.0,53.1,4.7,66.8,950.2865944,-38.092765,145.1758,10.0,114.0,7.0,low,False,True,False,False,False,36.21300802403543,1575.5751735151998,63.660399999999996,True,False,moderate_growth,False,False,True,False
carrum downs,2,flat,460.0,1108,Mornington Peninsula,21976.0,1658.0,53.1,4.7,66.8,950.2865944,-38.092765,145.1758,10.0,114.0,7.0,low,False,True,False,False,False,36.21300802403543,1575.5751735151998,63.660399999999996,True,False,moderate_growth,False,False,True,False
carrum downs,2,house,479.6,193,Mornington Peninsula,21976.0,1658.0,53.1,4.7,66.8,950.2865944,-38.092765,145.1758,10.0,114.0,7.0,low,False,True,False,False,False,36.21300802403543,1575.5751735151998,63.660399999999996,False,True,moderate_growth,False,False,True,False
carrum downs,3,flat,549.0,742,Mornington Peninsula,21976.0,1658.0,53.1,4.7,66.8,950.2865944,-38.092765,145.1758,10.0,114.0,7.0,low,False,True,False,False,False,36.21300802403543,1575.5751735151998,63.660399999999996,True,False,moderate_growth,False,False,True,False
carrum downs,3,house,544.0,2937,Mornington Peninsula,21976.0,1658.0,53.1,4.7,66.8,950.2865944,-38.092765,145.1758,10.0,114.0,7.0,low,False,True,False,False,False,36.21300802403543,1575.5751735151998,63.660399999999996,False,True,moderate_growth,False,False,True,False
carrum downs,4,house,655.0,1180,Mornington Peninsula,21976.0,1658.0,53.1,4.7,66.8,950.2865944,-38.092765,145.1758,10.0,114.0,7.0,low,False,True,False,False,False,36.21300802403543,1575.5751735151998,63.660399999999996,False,True,moderate_growth,False,False,True,False
castlemaine,1,flat,300.0,21,Other Regional Centres,7506.0,1106.0,57.4,3.9,44.3,980.237673,-37.058717,144.218266,-1.0,96.0,-9.0,low,False,True,False,False,False,106.63192522717468,1084.142866338,42.5723,True,False,declining,True,False,False,False
castlemaine,2,flat,386.6,130,Other Regional Centres,7506.0,1106.0,57.4,3.9,44.3,980.237673,-37.058717,144.218266,-1.0,96.0,-9.0,low,False,True,False,False,False,106.63192522717468,1084.142866338,42.5723,True,False,declining,True,False,False,False
castlemaine,2,house,427.8,119,Other Regional Centres,7506.0,1106.0,57.4,3.9,44.3,980.237673,-37.058717,144.218266,-1.0,96.0,-9.0,low,False,True,False,False,False,106.63192522717468,1084.142866338,42.5723,False,True,declining,True,False,False,False
castlemaine,3,house,486.6,386,Other Regional Centres,7506.0,1106.0,57.4,3.9,44.3,980.237673,-37.058717,144.218266,-1.0,96.0,-9.0,low,False,True,False,False,False,106.63192522717468,1084.142866338,42.5723,False,True,declining,True,False,False,False
castlemaine,4,house,556.6,135,Other Regional Centres,7506.0,1106.0,57.4,3.9,44.3,980.237673,-37.058717,144.218266,-1.0,96.0,-9.0,low,False,True,False,False,False,106.63192522717468,1084.142866338,42.5723,False,True,declining,True,False,False,False
caulfield,1,flat,500.0,3122,Southern Melbourne,5748.0,2143.0,82.1,4.2,61.6,1106.201261,-37.884051,145.026343,-16.0,17.0,-10.0,high,False,False,False,True,False,9.602258821822534,2370.589302323,59.0128,True,False,declining,True,False,False,False
caulfield,2,flat,610.0,4939,Southern Melbourne,5748.0,2143.0,82.1,4.2,61.6,1106.201261,-37.884051,145.026343,-16.0,17.0,-10.0,high,False,False,False,True,False,9.602258821822534,2370.589302323,59.0128,True,False,declining,True,False,False,False
caulfield,2,house,623.6,282,Southern Melbourne,5748.0,2143.0,82.1,4.2,61.6,1106.201261,-37.884051,145.026343,-16.0,17.0,-10.0,high,False,False,False,True,False,9.602258821822534,2370.589302323,59.0128,False,True,declining,True,False,False,False
caulfield,3,flat,792.6,1067,Southern Melbourne,5748.0,2143.0,82.1,4.2,61.6,1106.201261,-37.884051,145.026343,-16.0,17.0,-10.0,high,False,False,False,True,False,9.602258821822534,2370.589302323,59.0128,True,False,declining,True,False,False,False
caulfield,3,house,839.6,707,Southern Melbourne,5748.0,2143.0,82.1,4.2,61.6,1106.201261,-37.884051,145.026343,-16.0,17.0,-10.0,high,False,False,False,True,False,9.602258821822534,2370.589302323,59.0128,False,True,declining,True,False,False,False
caulfield,4,house,1177.6,557,Southern Melbourne,5748.0,2143.0,82.1,4.2,61.6,1106.201261,-37.884051,145.026343,-16.0,17.0,-10.0,high,False,False,False,True,False,9.602258821822534,2370.589302323,59.0128,False,True,declining,True,False,False,False
chadstone,1,flat,489.0,503,Inner Eastern Melbourne,9552.0,1991.0,76.4,5.2,66.1,1059.063786,-37.882143,145.100199,4.0,38.0,24.0,medium,False,False,True,False,False,14.247795570501635,2108.595997926,62.66279999999999,True,False,slow_growth,False,True,False,False
chadstone,2,flat,565.0,1736,Inner Eastern Melbourne,9552.0,1991.0,76.4,5.2,66.1,1059.063786,-37.882143,145.100199,4.0,38.0,24.0,medium,False,False,True,False,False,14.247795570501635,2108.595997926,62.66279999999999,True,False,slow_growth,False,True,False,False
chadstone,2,house,554.0,177,Inner Eastern Melbourne,9552.0,1991.0,76.4,5.2,66.1,1059.063786,-37.882143,145.100199,4.0,38.0,24.0,medium,False,False,True,False,False,14.247795570501635,2108.595997926,62.66279999999999,False,True,slow_growth,False,True,False,False
chadstone,3,flat,676.0,946,Inner Eastern Melbourne,9552.0,1991.0,76.4,5.2,66.1,1059.063786,-37.882143,145.100199,4.0,38.0,24.0,medium,False,False,True,False,False,14.247795570501635,2108.595997926,62.66279999999999,True,False,slow_growth,False,True,False,False
chadstone,3,house,626.6,892,Inner Eastern Melbourne,9552.0,1991.0,76.4,5.2,66.1,1059.063786,-37.882143,145.100199,4.0,38.0,24.0,medium,False,False,True,False,False,14.247795570501635,2108.595997926,62.66279999999999,False,True,slow_growth,False,True,False,False
chadstone,4,house,834.6,342,Inner Eastern Melbourne,9552.0,1991.0,76.4,5.2,66.1,1059.063786,-37.882143,145.100199,4.0,38.0,24.0,medium,False,False,True,False,False,14.247795570501635,2108.595997926,62.66279999999999,False,True,slow_growth,False,True,False,False
chelsea,1,flat,427.0,163,Southern Melbourne,8347.0,1683.0,64.0,3.5,63.5,1033.765144,-38.0497,145.121406,-8.0,53.0,4.0,medium,False,False,True,False,False,29.698396562692277,1739.8267373519998,61.277499999999996,True,False,declining,True,False,False,False
chelsea,2,flat,521.0,1850,Southern Melbourne,8347.0,1683.0,64.0,3.5,63.5,1033.765144,-38.0497,145.121406,-8.0,53.0,4.0,medium,False,False,True,False,False,29.698396562692277,1739.8267373519998,61.277499999999996,True,False,declining,True,False,False,False
chelsea,2,house,540.0,213,Southern Melbourne,8347.0,1683.0,64.0,3.5,63.5,1033.765144,-38.0497,145.121406,-8.0,53.0,4.0,medium,False,False,True,False,False,29.698396562692277,1739.8267373519998,61.277499999999996,False,True,declining,True,False,False,False
chelsea,3,flat,661.0,819,Southern Melbourne,8347.0,1683.0,64.0,3.5,63.5,1033.765144,-38.0497,145.121406,-8.0,53.0,4.0,medium,False,False,True,False,False,29.698396562692277,1739.8267373519998,61.277499999999996,True,False,declining,True,False,False,False
chelsea,3,house,670.0,1037,Southern Melbourne,8347.0,1683.0,64.0,3.5,63.5,1033.765144,-38.0497,145.121406,-8.0,53.0,4.0,medium,False,False,True,False,False,29.698396562692277,1739.8267373519998,61.277499999999996,False,True,declining,True,False,False,False
chelsea,4,house,848.0,565,Southern Melbourne,8347.0,1683.0,64.0,3.5,63.5,1033.765144,-38.0497,145.121406,-8.0,53.0,4.0,medium,False,False,True,False,False,29.698396562692277,1739.8267373519998,61.277499999999996,False,True,declining,True,False,False,False
cheltenham,1,flat,442.0,593,Southern Melbourne,23992.0,1919.0,69.3,4.2,65.3,1062.660962,-37.963546,145.060522,2.0,57.0,-5.0,medium,False,False,True,False,False,18.73733917721647,2039.246386078,62.557399999999994,True,False,slow_growth,False,True,False,False
cheltenham,2,flat,541.0,3110,Southern Melbourne,23992.0,1919.0,69.3,4.2,65.3,1062.660962,-37.963546,145.060522,2.0,57.0,-5.0,medium,False,False,True,False,False,18.73733917721647,2039.246386078,62.557399999999994,True,False,slow_growth,False,True,False,False
cheltenham,2,house,579.2,347,Southern Melbourne,23992.0,1919.0,69.3,4.2,65.3,1062.660962,-37.963546,145.060522,2.0,57.0,-5.0,medium,False,False,True,False,False,18.73733917721647,2039.246386078,62.557399999999994,False,True,slow_growth,False,True,False,False
cheltenham,3,flat,683.6,514,Southern Melbourne,23992.0,1919.0,69.3,4.2,65.3,1062.660962,-37.963546,145.060522,2.0,57.0,-5.0,medium,False,False,True,False,False,18.73733917721647,2039.246386078,62.557399999999994,True,False,slow_growth,False,True,False,False
cheltenham,3,house,703.0,1746,Southern Melbourne,23992.0,1919.0,69.3,4.2,65.3,1062.660962,-37.963546,145.060522,2.0,57.0,-5.0,medium,False,False,True,False,False,18.73733917721647,2039.246386078,62.557399999999994,False,True,slow_growth,False,True,False,False
cheltenham,4,house,924.0,905,Southern Melbourne,23992.0,1919.0,69.3,4.2,65.3,1062.660962,-37.963546,145.060522,2.0,57.0,-5.0,medium,False,False,True,False,False,18.73733917721647,2039.246386078,62.557399999999994,False,True,slow_growth,False,True,False,False
clayton,1,flat,471.0,1817,Inner Eastern Melbourne,18988.0,1494.0,84.4,9.7,59.9,1013.235186,-37.918202,145.13024,10.0,31.0,-7.0,low,False,True,False,False,False,18.723057005988682,1513.773367884,54.0897,True,False,moderate_growth,False,False,True,False
clayton,2,flat,570.0,3731,Inner Eastern Melbourne,18988.0,1494.0,84.4,9.7,59.9,1013.235186,-37.918202,145.13024,10.0,31.0,-7.0,low,False,True,False,False,False,18.723057005988682,1513.773367884,54.0897,True,False,moderate_growth,False,False,True,False
clayton,2,house,548.0,229,Inner Eastern Melbourne,18988.0,1494.0,84.4,9.7,59.9,1013.235186,-37.918202,145.13024,10.0,31.0,-7.0,low,False,True,False,False,False,18.723057005988682,1513.773367884,54.0897,False,True,moderate_growth,False,False,True,False
clayton,3,flat,647.0,1375,Inner Eastern Melbourne,18988.0,1494.0,84.4,9.7,59.9,1013.235186,-37.918202,145.13024,10.0,31.0,-7.0,low,False,True,False,False,False,18.723057005988682,1513.773367884,54.0897,True,False,moderate_growth,False,False,True,False
clayton,3,house,600.6,1011,Inner Eastern Melbourne,18988.0,1494.0,84.4,9.7,59.9,1013.235186,-37.918202,145.13024,10.0,31.0,-7.0,low,False,True,False,False,False,18.723057005988682,1513.773367884,54.0897,False,True,moderate_growth,False,False,True,False
clayton,4,house,752.0,486,Inner Eastern Melbourne,18988.0,1494.0,84.4,9.7,59.9,1013.235186,-37.918202,145.13024,10.0,31.0,-7.0,low,False,True,False,False,False,18.723057005988682,1513.773367884,54.0897,False,True,moderate_growth,False,False,True,False
clifton hill,1,flat,482.0,1106,Inner Melbourne,6606.0,2755.0,84.5,3.4,73.7,1147.437518,-37.790427,144.997548,7.0,51.0,-12.0,very_high,False,False,False,False,True,3.9748657549557644,3161.19036209,71.1942,True,False,moderate_growth,False,False,True,False
clifton hill,2,flat,657.0,1243,Inner Melbourne,6606.0,2755.0,84.5,3.4,73.7,1147.437518,-37.790427,144.997548,7.0,51.0,-12.0,very_high,False,False,False,False,True,3.9748657549557644,3161.19036209,71.1942,True,False,moderate_growth,False,False,True,False
clifton hill,2,house,726.6,692,Inner Melbourne,6606.0,2755.0,84.5,3.4,73.7,1147.437518,-37.790427,144.997548,7.0,51.0,-12.0,very_high,False,False,False,False,True,3.9748657549557644,3161.19036209,71.1942,False,True,moderate_growth,False,False,True,False
clifton hill,3,flat,961.6,210,Inner Melbourne,6606.0,2755.0,84.5,3.4,73.7,1147.437518,-37.790427,144.997548,7.0,51.0,-12.0,very_high,False,False,False,False,True,3.9748657549557644,3161.19036209,71.1942,True,False,moderate_growth,False,False,True,False
clifton hill,3,house,954.6,471,Inner Melbourne,6606.0,2755.0,84.5,3.4,73.7,1147.437518,-37.790427,144.997548,7.0,51.0,-12.0,very_high,False,False,False,False,True,3.9748657549557644,3161.19036209,71.1942,False,True,moderate_growth,False,False,True,False
clifton hill,4,house,1371.0,158,Inner Melbourne,6606.0,2755.0,84.5,3.4,73.7,1147.437518,-37.790427,144.997548,7.0,51.0,-12.0,very_high,False,False,False,False,True,3.9748657549557644,3161.19036209,71.1942,False,True,moderate_growth,False,False,True,False
coburg,1,flat,432.6,889,North Western Melbourne,26574.0,2065.0,73.4,5.0,68.1,1064.559521,-37.74488,144.964239,8.0,59.0,-2.0,medium,False,False,True,False,False,7.641971004572116,2198.315410865,64.695,True,False,moderate_growth,False,False,True,False
coburg,2,flat,537.0,1701,North Western Melbourne,26574.0,2065.0,73.4,5.0,68.1,1064.559521,-37.74488,144.964239,8.0,59.0,-2.0,medium,False,False,True,False,False,7.641971004572116,2198.315410865,64.695,True,False,moderate_growth,False,False,True,False
coburg,2,house,568.6,691,North Western Melbourne,26574.0,2065.0,73.4,5.0,68.1,1064.559521,-37.74488,144.964239,8.0,59.0,-2.0,medium,False,False,True,False,False,7.641971004572116,2198.315410865,64.695,False,True,moderate_growth,False,False,True,False
coburg,3,flat,681.0,290,North Western Melbourne,26574.0,2065.0,73.4,5.0,68.1,1064.559521,-37.74488,144.964239,8.0,59.0,-2.0,medium,False,False,True,False,False,7.641971004572116,2198.315410865,64.695,True,False,moderate_growth,False,False,True,False
coburg,3,house,700.0,1329,North Western Melbourne,26574.0,2065.0,73.4,5.0,68.1,1064.559521,-37.74488,144.964239,8.0,59.0,-2.0,medium,False,False,True,False,False,7.641971004572116,2198.315410865,64.695,False,True,moderate_growth,False,False,True,False
coburg,4,house,848.6,419,North Western Melbourne,26574.0,2065.0,73.4,5.0,68.1,1064.559521,-37.74488,144.964239,8.0,59.0,-2.0,medium,False,False,True,False,False,7.641971004572116,2198.315410865,64.695,False,True,moderate_growth,False,False,True,False
coburg north,1,flat,284.0,281,North Western Melbourne,8327.0,1981.0,70.2,5.1,64.8,1041.502431,-37.72699,144.967784,3.0,66.0,4.0,medium,False,False,True,False,False,9.639388813115726,2063.2163158109997,61.4952,True,False,slow_growth,False,True,False,False
coburg north,2,flat,498.0,1523,North Western Melbourne,8327.0,1981.0,70.2,5.1,64.8,1041.502431,-37.72699,144.967784,3.0,66.0,4.0,medium,False,False,True,False,False,9.639388813115726,2063.2163158109997,61.4952,True,False,slow_growth,False,True,False,False
coburg north,2,house,529.6,352,North Western Melbourne,8327.0,1981.0,70.2,5.1,64.8,1041.502431,-37.72699,144.967784,3.0,66.0,4.0,medium,False,False,True,False,False,9.639388813115726,2063.2163158109997,61.4952,False,True,slow_growth,False,True,False,False
coburg north,3,flat,617.2,533,North Western Melbourne,8327.0,1981.0,70.2,5.1,64.8,1041.502431,-37.72699,144.967784,3.0,66.0,4.0,medium,False,False,True,False,False,9.639388813115726,2063.2163158109997,61.4952,True,False,slow_growth,False,True,False,False
coburg north,3,house,615.0,799,North Western Melbourne,8327.0,1981.0,70.2,5.1,64.8,1041.502431,-37.72699,144.967784,3.0,66.0,4.0,medium,False,False,True,False,False,9.639388813115726,2063.2163158109997,61.4952,False,True,slow_growth,False,True,False,False
coburg north,4,house,793.6,302,North Western Melbourne,8327.0,1981.0,70.2,5.1,64.8,1041.502431,-37.72699,144.967784,3.0,66.0,4.0,medium,False,False,True,False,False,9.639388813115726,2063.2163158109997,61.4952,False,True,slow_growth,False,True,False,False
collingwood,1,flat,514.0,3309,Inner Melbourne,9179.0,2130.0,83.9,4.9,74.8,1045.124795,-37.802078,144.988142,4.0,34.0,3.0,medium,False,False,True,False,False,2.5458568087506706,2226.11581335,71.1348,True,False,slow_growth,False,True,False,False
collingwood,2,flat,683.0,3710,Inner Melbourne,9179.0,2130.0,83.9,4.9,74.8,1045.124795,-37.802078,144.988142,4.0,34.0,3.0,medium,False,False,True,False,False,2.5458568087506706,2226.11581335,71.1348,True,False,slow_growth,False,True,False,False
collingwood,2,house,707.0,466,Inner Melbourne,9179.0,2130.0,83.9,4.9,74.8,1045.124795,-37.802078,144.988142,4.0,34.0,3.0,medium,False,False,True,False,False,2.5458568087506706,2226.11581335,71.1348,False,True,slow_growth,False,True,False,False
collingwood,3,flat,988.0,380,Inner Melbourne,9179.0,2130.0,83.9,4.9,74.8,1045.124795,-37.802078,144.988142,4.0,34.0,3.0,medium,False,False,True,False,False,2.5458568087506706,2226.11581335,71.1348,True,False,slow_growth,False,True,False,False
collingwood,3,house,928.0,338,Inner Melbourne,9179.0,2130.0,83.9,4.9,74.8,1045.124795,-37.802078,144.988142,4.0,34.0,3.0,medium,False,False,True,False,False,2.5458568087506706,2226.11581335,71.1348,False,True,slow_growth,False,True,False,False
collingwood,4,house,1147.0,46,Inner Melbourne,9179.0,2130.0,83.9,4.9,74.8,1045.124795,-37.802078,144.988142,4.0,34.0,3.0,medium,False,False,True,False,False,2.5458568087506706,2226.11581335,71.1348,False,True,slow_growth,False,True,False,False
corio,1,flat,307.6,242,Geelong,15497.0,1152.0,37.5,8.6,49.8,827.459044,-38.067204,144.374936,10.0,123.0,9.0,very_low,True,False,False,False,False,58.78370461758169,953.232818688,45.5172,True,False,moderate_growth,False,False,True,False
corio,2,flat,374.0,386,Geelong,15497.0,1152.0,37.5,8.6,49.8,827.459044,-38.067204,144.374936,10.0,123.0,9.0,very_low,True,False,False,False,False,58.78370461758169,953.232818688,45.5172,True,False,moderate_growth,False,False,True,False
corio,2,house,371.6,555,Geelong,15497.0,1152.0,37.5,8.6,49.8,827.459044,-38.067204,144.374936,10.0,123.0,9.0,very_low,True,False,False,False,False,58.78370461758169,953.232818688,45.5172,False,True,moderate_growth,False,False,True,False
corio,3,flat,438.0,221,Geelong,15497.0,1152.0,37.5,8.6,49.8,827.459044,-38.067204,144.374936,10.0,123.0,9.0,very_low,True,False,False,False,False,58.78370461758169,953.232818688,45.5172,True,False,moderate_growth,False,False,True,False
corio,3,house,405.0,2417,Geelong,15497.0,1152.0,37.5,8.6,49.8,827.459044,-38.067204,144.374936,10.0,123.0,9.0,very_low,True,False,False,False,False,58.78370461758169,953.232818688,45.5172,False,True,moderate_growth,False,False,True,False
corio,4,house,489.0,306,Geelong,15497.0,1152.0,37.5,8.6,49.8,827.459044,-38.067204,144.374936,10.0,123.0,9.0,very_low,True,False,False,False,False,58.78370461758169,953.232818688,45.5172,False,True,moderate_growth,False,False,True,False
craigieburn,2,flat,436.0,572,North Western Melbourne,65178.0,1798.0,64.0,7.8,62.5,956.0397958,-37.586145,144.927367,8.0,83.0,9.0,low,False,True,False,False,False,25.486480581267195,1718.9595528483999,57.625,True,False,moderate_growth,False,False,True,False
craigieburn,2,house,445.0,388,North Western Melbourne,65178.0,1798.0,64.0,7.8,62.5,956.0397958,-37.586145,144.927367,8.0,83.0,9.0,low,False,True,False,False,False,25.486480581267195,1718.9595528483999,57.625,False,True,moderate_growth,False,False,True,False
craigieburn,3,flat,477.0,453,North Western Melbourne,65178.0,1798.0,64.0,7.8,62.5,956.0397958,-37.586145,144.927367,8.0,83.0,9.0,low,False,True,False,False,False,25.486480581267195,1718.9595528483999,57.625,True,False,moderate_growth,False,False,True,False
craigieburn,3,house,496.0,5005,North Western Melbourne,65178.0,1798.0,64.0,7.8,62.5,956.0397958,-37.586145,144.927367,8.0,83.0,9.0,low,False,True,False,False,False,25.486480581267195,1718.9595528483999,57.625,False,True,moderate_growth,False,False,True,False
craigieburn,4,house,558.0,7084,North Western Melbourne,65178.0,1798.0,64.0,7.8,62.5,956.0397958,-37.586145,144.927367,8.0,83.0,9.0,low,False,True,False,False,False,25.486480581267195,1718.9595528483999,57.625,False,True,moderate_growth,False,False,True,False
cranbourne,1,flat,393.0,128,South Eastern Melbourne,21281.0,1477.0,49.9,6.6,60.0,906.3431731,-38.112838,145.275239,6.0,95.0,6.0,very_low,True,False,False,False,False,43.08058079945371,1338.6688666687,56.04,True,False,moderate_growth,False,False,True,False
cranbourne,2,flat,454.0,532,South Eastern Melbourne,21281.0,1477.0,49.9,6.6,60.0,906.3431731,-38.112838,145.275239,6.0,95.0,6.0,very_low,True,False,False,False,False,43.08058079945371,1338.6688666687,56.04,True,False,moderate_growth,False,False,True,False
cranbourne,2,house,481.8,552,South Eastern Melbourne,21281.0,1477.0,49.9,6.6,60.0,906.3431731,-38.112838,145.275239,6.0,95.0,6.0,very_low,True,False,False,False,False,43.08058079945371,1338.6688666687,56.04,False,True,moderate_growth,False,False,True,False
cranbourne,3,flat,522.0,532,South Eastern Melbourne,21281.0,1477.0,49.9,6.6,60.0,906.3431731,-38.112838,145.275239,6.0,95.0,6.0,very_low,True,False,False,False,False,43.08058079945371,1338.6688666687,56.04,True,False,moderate_growth,False,False,True,False
cranbourne,3,house,540.0,7580,South Eastern Melbourne,21281.0,1477.0,49.9,6.6,60.0,906.3431731,-38.112838,145.275239,6.0,95.0,6.0,very_low,True,False,False,False,False,43.08058079945371,1338.6688666687,56.04,False,True,moderate_growth,False,False,True,False
cranbourne,4,house,599.0,12853,South Eastern Melbourne,21281.0,1477.0,49.9,6.6,60.0,906.3431731,-38.112838,145.275239,6.0,95.0,6.0,very_low,True,False,False,False,False,43.08058079945371,1338.6688666687,56.04,False,True,moderate_growth,False,False,True,False
croydon,1,flat,343.0,291,Outer Eastern Melbourne,28608.0,1615.0,59.7,4.3,62.3,1008.014865,-37.794984,145.284111,5.0,60.0,4.0,low,False,True,False,False,False,28.27863200132811,1627.944006975,59.6211,True,False,slow_growth,False,True,False,False
croydon,2,flat,493.0,1782,Outer Eastern Melbourne,28608.0,1615.0,59.7,4.3,62.3,1008.014865,-37.794984,145.284111,5.0,60.0,4.0,low,False,True,False,False,False,28.27863200132811,1627.944006975,59.6211,True,False,slow_growth,False,True,False,False
croydon,2,house,510.8,515,Outer Eastern Melbourne,28608.0,1615.0,59.7,4.3,62.3,1008.014865,-37.794984,145.284111,5.0,60.0,4.0,low,False,True,False,False,False,28.27863200132811,1627.944006975,59.6211,False,True,slow_growth,False,True,False,False
croydon,3,flat,606.0,1338,Outer Eastern Melbourne,28608.0,1615.0,59.7,4.3,62.3,1008.014865,-37.794984,145.284111,5.0,60.0,4.0,low,False,True,False,False,False,28.27863200132811,1627.944006975,59.6211,True,False,slow_growth,False,True,False,False
croydon,3,house,589.4,3116,Outer Eastern Melbourne,28608.0,1615.0,59.7,4.3,62.3,1008.014865,-37.794984,145.284111,5.0,60.0,4.0,low,False,True,False,False,False,28.27863200132811,1627.944006975,59.6211,False,True,slow_growth,False,True,False,False
croydon,4,house,709.8,1206,Outer Eastern Melbourne,28608.0,1615.0,59.7,4.3,62.3,1008.014865,-37.794984,145.284111,5.0,60.0,4.0,low,False,True,False,False,False,28.27863200132811,1627.944006975,59.6211,False,True,slow_growth,False,True,False,False
dandenong,1,flat,359.0,629,South Eastern Melbourne,30127.0,1267.0,58.7,9.4,51.8,870.401779,-37.985012,145.211877,6.0,55.0,8.0,very_low,True,False,False,False,False,28.9787570748881,1102.799053993,46.9308,True,False,moderate_growth,False,False,True,False
dandenong,2,flat,438.0,2838,South Eastern Melbourne,30127.0,1267.0,58.7,9.4,51.8,870.401779,-37.985012,145.211877,6.0,55.0,8.0,very_low,True,False,False,False,False,28.9787570748881,1102.799053993,46.9308,True,False,moderate_growth,False,False,True,False
dandenong,2,house,495.6,266,South Eastern Melbourne,30127.0,1267.0,58.7,9.4,51.8,870.401779,-37.985012,145.211877,6.0,55.0,8.0,very_low,True,False,False,False,False,28.9787570748881,1102.799053993,46.9308,False,True,moderate_growth,False,False,True,False
dandenong,3,flat,573.0,953,South Eastern Melbourne,30127.0,1267.0,58.7,9.4,51.8,870.401779,-37.985012,145.211877,6.0,55.0,8.0,very_low,True,False,False,False,False,28.9787570748881,1102.799053993,46.9308,True,False,moderate_growth,False,False,True,False
dandenong,3,house,554.2,1607,South Eastern Melbourne,30127.0,1267.0,58.7,9.4,51.8,870.401779,-37.985012,145.211877,6.0,55.0,8.0,very_low,True,False,False,False,False,28.9787570748881,1102.799053993,46.9308,False,True,moderate_growth,False,False,True,False
dandenong,4,house,735.0,912,South Eastern Melbourne,30127.0,1267.0,58.7,9.4,51.8,870.401779,-37.985012,145.211877,6.0,55.0,8.0,very_low,True,False,False,False,False,28.9787570748881,1102.799053993,46.9308,False,True,moderate_growth,False,False,True,False
dandenong north,1,flat,335.6,168,South Eastern Melbourne,22550.0,1436.0,60.4,7.2,54.0,933.8432254,-37.955902,145.214234,4.0,64.0,3.0,very_low,True,False,False,False,False,27.131505394944476,1340.9988716744,50.111999999999995,True,False,slow_growth,False,True,False,False
dandenong north,2,flat,460.6,816,South Eastern Melbourne,22550.0,1436.0,60.4,7.2,54.0,933.8432254,-37.955902,145.214234,4.0,64.0,3.0,very_low,True,False,False,False,False,27.131505394944476,1340.9988716744,50.111999999999995,True,False,slow_growth,False,True,False,False
dandenong north,2,house,453.0,177,South Eastern Melbourne,22550.0,1436.0,60.4,7.2,54.0,933.8432254,-37.955902,145.214234,4.0,64.0,3.0,very_low,True,False,False,False,False,27.131505394944476,1340.9988716744,50.111999999999995,False,True,slow_growth,False,True,False,False
dandenong north,3,flat,536.0,510,South Eastern Melbourne,22550.0,1436.0,60.4,7.2,54.0,933.8432254,-37.955902,145.214234,4.0,64.0,3.0,very_low,True,False,False,False,False,27.131505394944476,1340.9988716744,50.111999999999995,True,False,slow_growth,False,True,False,False
dandenong north,3,house,522.0,2269,South Eastern Melbourne,22550.0,1436.0,60.4,7.2,54.0,933.8432254,-37.955902,145.214234,4.0,64.0,3.0,very_low,True,False,False,False,False,27.131505394944476,1340.9988716744,50.111999999999995,False,True,slow_growth,False,True,False,False
dandenong north,4,house,617.6,663,South Eastern Melbourne,22550.0,1436.0,60.4,7.2,54.0,933.8432254,-37.955902,145.214234,4.0,64.0,3.0,very_low,True,False,False,False,False,27.131505394944476,1340.9988716744,50.111999999999995,False,True,slow_growth,False,True,False,False
deer park,1,flat,318.0,293,Outer Western Melbourne,18145.0,1456.0,59.2,8.4,54.7,911.1417792,-37.769316,144.771599,5.0,78.0,8.0,very_low,True,False,False,False,False,17.53312698198194,1326.6224305152,50.1052,True,False,slow_growth,False,True,False,False
deer park,2,flat,408.0,1562,Outer Western Melbourne,18145.0,1456.0,59.2,8.4,54.7,911.1417792,-37.769316,144.771599,5.0,78.0,8.0,very_low,True,False,False,False,False,17.53312698198194,1326.6224305152,50.1052,True,False,slow_growth,False,True,False,False
deer park,2,house,420.6,264,Outer Western Melbourne,18145.0,1456.0,59.2,8.4,54.7,911.1417792,-37.769316,144.771599,5.0,78.0,8.0,very_low,True,False,False,False,False,17.53312698198194,1326.6224305152,50.1052,False,True,slow_growth,False,True,False,False
deer park,3,flat,470.2,952,Outer Western Melbourne,18145.0,1456.0,59.2,8.4,54.7,911.1417792,-37.769316,144.771599,5.0,78.0,8.0,very_low,True,False,False,False,False,17.53312698198194,1326.6224305152,50.1052,True,False,slow_growth,False,True,False,False
deer park,3,house,458.0,3326,Outer Western Melbourne,18145.0,1456.0,59.2,8.4,54.7,911.1417792,-37.769316,144.771599,5.0,78.0,8.0,very_low,True,False,False,False,False,17.53312698198194,1326.6224305152,50.1052,False,True,slow_growth,False,True,False,False
deer park,4,house,534.6,1038,Outer Western Melbourne,18145.0,1456.0,59.2,8.4,54.7,911.1417792,-37.769316,144.771599,5.0,78.0,8.0,very_low,True,False,False,False,False,17.53312698198194,1326.6224305152,50.1052,False,True,slow_growth,False,True,False,False
delacombe,1,flat,294.0,378,Ballarat,5408.0,1339.0,42.9,6.2,56.2,897.473616,-37.580908,143.816023,8.0,95.0,-1.0,very_low,True,False,False,False,False,104.18677348164618,1201.7171718240002,52.7156,True,False,moderate_growth,False,False,True,False
delacombe,2,flat,342.0,558,Ballarat,5408.0,1339.0,42.9,6.2,56.2,897.473616,-37.580908,143.816023,8.0,95.0,-1.0,very_low,True,False,False,False,False,104.18677348164618,1201.7171718240002,52.7156,True,False,moderate_growth,False,False,True,False
delacombe,2,house,351.6,339,Ballarat,5408.0,1339.0,42.9,6.2,56.2,897.473616,-37.580908,143.816023,8.0,95.0,-1.0,very_low,True,False,False,False,False,104.18677348164618,1201.7171718240002,52.7156,False,True,moderate_growth,False,False,True,False
delacombe,3,flat,384.0,189,Ballarat,5408.0,1339.0,42.9,6.2,56.2,897.473616,-37.580908,143.816023,8.0,95.0,-1.0,very_low,True,False,False,False,False,104.18677348164618,1201.7171718240002,52.7156,True,False,moderate_growth,False,False,True,False
delacombe,3,house,394.0,1831,Ballarat,5408.0,1339.0,42.9,6.2,56.2,897.473616,-37.580908,143.816023,8.0,95.0,-1.0,very_low,True,False,False,False,False,104.18677348164618,1201.7171718240002,52.7156,False,True,moderate_growth,False,False,True,False
delacombe,4,house,451.0,3922,Ballarat,5408.0,1339.0,42.9,6.2,56.2,897.473616,-37.580908,143.816023,8.0,95.0,-1.0,very_low,True,False,False,False,False,104.18677348164618,1201.7171718240002,52.7156,False,True,moderate_growth,False,False,True,False
docklands,1,flat,576.0,5711,Inner Melbourne,15495.0,1957.0,87.7,6.9,71.0,1108.790385,-37.818349,144.940439,0.0,0.0,0.0,very_high,False,False,False,False,True,2.0594444272355132,2169.9027834450003,66.101,True,False,declining,True,False,False,False
docklands,2,flat,743.6,7028,Inner Melbourne,15495.0,1957.0,87.7,6.9,71.0,1108.790385,-37.818349,144.940439,0.0,0.0,0.0,very_high,False,False,False,False,True,2.0594444272355132,2169.9027834450003,66.101,True,False,declining,True,False,False,False
docklands,3,flat,1176.0,819,Inner Melbourne,15495.0,1957.0,87.7,6.9,71.0,1108.790385,-37.818349,144.940439,0.0,0.0,0.0,very_high,False,False,False,False,True,2.0594444272355132,2169.9027834450003,66.101,True,False,declining,True,False,False,False
doncaster,1,flat,478.0,711,Inner Eastern Melbourne,25020.0,1592.0,73.9,6.1,57.1,1056.527036,-37.784754,145.12401,5.0,33.0,-2.0,medium,False,False,True,False,False,14.497193441955568,1681.991041312,53.6169,True,False,slow_growth,False,True,False,False
doncaster,2,flat,582.0,2279,Inner Eastern Melbourne,25020.0,1592.0,73.9,6.1,57.1,1056.527036,-37.784754,145.12401,5.0,33.0,-2.0,medium,False,False,True,False,False,14.497193441955568,1681.991041312,53.6169,True,False,slow_growth,False,True,False,False
doncaster,2,house,556.0,183,Inner Eastern Melbourne,25020.0,1592.0,73.9,6.1,57.1,1056.527036,-37.784754,145.12401,5.0,33.0,-2.0,medium,False,False,True,False,False,14.497193441955568,1681.991041312,53.6169,False,True,slow_growth,False,True,False,False
doncaster,3,flat,704.0,1019,Inner Eastern Melbourne,25020.0,1592.0,73.9,6.1,57.1,1056.527036,-37.784754,145.12401,5.0,33.0,-2.0,medium,False,False,True,False,False,14.497193441955568,1681.991041312,53.6169,True,False,slow_growth,False,True,False,False
doncaster,3,house,646.0,1367,Inner Eastern Melbourne,25020.0,1592.0,73.9,6.1,57.1,1056.527036,-37.784754,145.12401,5.0,33.0,-2.0,medium,False,False,True,False,False,14.497193441955568,1681.991041312,53.6169,False,True,slow_growth,False,True,False,False
doncaster,4,house,802.4,1980,Inner Eastern Melbourne,25020.0,1592.0,73.9,6.1,57.1,1056.527036,-37.784754,145.12401,5.0,33.0,-2.0,medium,False,False,True,False,False,14.497193441955568,1681.991041312,53.6169,False,True,slow_growth,False,True,False,False
doncaster east,1,flat,473.2,187,Inner Eastern Melbourne,30926.0,1792.0,72.9,5.8,59.1,1064.461593,-37.778802,145.163901,1.0,45.0,-1.0,medium,False,False,True,False,False,18.06283356775321,1907.515174656,55.6722,True,False,slow_growth,False,True,False,False
doncaster east,2,flat,567.0,1045,Inner Eastern Melbourne,30926.0,1792.0,72.9,5.8,59.1,1064.461593,-37.778802,145.163901,1.0,45.0,-1.0,medium,False,False,True,False,False,18.06283356775321,1907.515174656,55.6722,True,False,slow_growth,False,True,False,False
doncaster east,2,house,549.6,84,Inner Eastern Melbourne,30926.0,1792.0,72.9,5.8,59.1,1064.461593,-37.778802,145.163901,1.0,45.0,-1.0,medium,False,False,True,False,False,18.06283356775321,1907.515174656,55.6722,False,True,slow_growth,False,True,False,False
doncaster east,3,flat,674.0,677,Inner Eastern Melbourne,30926.0,1792.0,72.9,5.8,59.1,1064.461593,-37.778802,145.163901,1.0,45.0,-1.0,medium,False,False,True,False,False,18.06283356775321,1907.515174656,55.6722,True,False,slow_growth,False,True,False,False
doncaster east,3,house,656.0,1033,Inner Eastern Melbourne,30926.0,1792.0,72.9,5.8,59.1,1064.461593,-37.778802,145.163901,1.0,45.0,-1.0,medium,False,False,True,False,False,18.06283356775321,1907.515174656,55.6722,False,True,slow_growth,False,True,False,False
doncaster east,4,house,809.0,1198,Inner Eastern Melbourne,30926.0,1792.0,72.9,5.8,59.1,1064.461593,-37.778802,145.163901,1.0,45.0,-1.0,medium,False,False,True,False,False,18.06283356775321,1907.515174656,55.6722,False,True,slow_growth,False,True,False,False
donvale,1,flat,473.2,187,Inner Eastern Melbourne,12644.0,2100.0,70.8,4.9,59.3,1086.110141,-37.789763,145.191378,1.0,59.0,0.0,high,False,False,False,True,False,20.230708067424263,2280.8312961000006,56.394299999999994,True,False,slow_growth,False,True,False,False
donvale,2,flat,567.0,1045,Inner Eastern Melbourne,12644.0,2100.0,70.8,4.9,59.3,1086.110141,-37.789763,145.191378,1.0,59.0,0.0,high,False,False,False,True,False,20.230708067424263,2280.8312961000006,56.394299999999994,True,False,slow_growth,False,True,False,False
donvale,2,house,549.6,84,Inner Eastern Melbourne,12644.0,2100.0,70.8,4.9,59.3,1086.110141,-37.789763,145.191378,1.0,59.0,0.0,high,False,False,False,True,False,20.230708067424263,2280.8312961000006,56.394299999999994,False,True,slow_growth,False,True,False,False
donvale,3,flat,674.0,677,Inner Eastern Melbourne,12644.0,2100.0,70.8,4.9,59.3,1086.110141,-37.789763,145.191378,1.0,59.0,0.0,high,False,False,False,True,False,20.230708067424263,2280.8312961000006,56.394299999999994,True,False,slow_growth,False,True,False,False
donvale,3,house,656.0,1033,Inner Eastern Melbourne,12644.0,2100.0,70.8,4.9,59.3,1086.110141,-37.789763,145.191378,1.0,59.0,0.0,high,False,False,False,True,False,20.230708067424263,2280.8312961000006,56.394299999999994,False,True,slow_growth,False,True,False,False
donvale,4,house,809.0,1198,Inner Eastern Melbourne,12644.0,2100.0,70.8,4.9,59.3,1086.110141,-37.789763,145.191378,1.0,59.0,0.0,high,False,False,False,True,False,20.230708067424263,2280.8312961000006,56.394299999999994,False,True,slow_growth,False,True,False,False
dromana,1,flat,398.6,107,Mornington Peninsula,6626.0,1304.0,51.7,4.0,51.3,977.643561,-38.331918,145.010376,-4.0,74.0,5.0,low,False,True,False,False,False,57.78271166508191,1274.847203544,49.248,True,False,declining,True,False,False,False
dromana,2,flat,461.2,862,Mornington Peninsula,6626.0,1304.0,51.7,4.0,51.3,977.643561,-38.331918,145.010376,-4.0,74.0,5.0,low,False,True,False,False,False,57.78271166508191,1274.847203544,49.248,True,False,declining,True,False,False,False
dromana,2,house,474.0,732,Mornington Peninsula,6626.0,1304.0,51.7,4.0,51.3,977.643561,-38.331918,145.010376,-4.0,74.0,5.0,low,False,True,False,False,False,57.78271166508191,1274.847203544,49.248,False,True,declining,True,False,False,False
dromana,3,flat,581.0,809,Mornington Peninsula,6626.0,1304.0,51.7,4.0,51.3,977.643561,-38.331918,145.010376,-4.0,74.0,5.0,low,False,True,False,False,False,57.78271166508191,1274.847203544,49.248,True,False,declining,True,False,False,False
dromana,3,house,556.0,3483,Mornington Peninsula,6626.0,1304.0,51.7,4.0,51.3,977.643561,-38.331918,145.010376,-4.0,74.0,5.0,low,False,True,False,False,False,57.78271166508191,1274.847203544,49.248,False,True,declining,True,False,False,False
dromana,4,house,724.0,1627,Mornington Peninsula,6626.0,1304.0,51.7,4.0,51.3,977.643561,-38.331918,145.010376,-4.0,74.0,5.0,low,False,True,False,False,False,57.78271166508191,1274.847203544,49.248,False,True,declining,True,False,False,False
east melbourne,1,flat,504.0,925,Inner Melbourne,4896.0,2345.0,86.4,3.2,69.0,1156.169909,-37.814419,144.982593,-23.0,2.0,-10.0,very_high,False,False,False,False,True,1.7147739996280786,2711.218436605,66.792,True,False,declining,True,False,False,False
east melbourne,2,flat,665.6,923,Inner Melbourne,4896.0,2345.0,86.4,3.2,69.0,1156.169909,-37.814419,144.982593,-23.0,2.0,-10.0,very_high,False,False,False,False,True,1.7147739996280786,2711.218436605,66.792,True,False,declining,True,False,False,False
east melbourne,2,house,875.0,44,Inner Melbourne,4896.0,2345.0,86.4,3.2,69.0,1156.169909,-37.814419,144.982593,-23.0,2.0,-10.0,very_high,False,False,False,False,True,1.7147739996280786,2711.218436605,66.792,False,True,declining,True,False,False,False
east melbourne,3,flat,1077.6,160,Inner Melbourne,4896.0,2345.0,86.4,3.2,69.0,1156.169909,-37.814419,144.982593,-23.0,2.0,-10.0,very_high,False,False,False,False,True,1.7147739996280786,2711.218436605,66.792,True,False,declining,True,False,False,False
east melbourne,3,house,1224.0,114,Inner Melbourne,4896.0,2345.0,86.4,3.2,69.0,1156.169909,-37.814419,144.982593,-23.0,2.0,-10.0,very_high,False,False,False,False,True,1.7147739996280786,2711.218436605,66.792,False,True,declining,True,False,False,False
echuca,1,flat,274.6,127,Other Regional Centres,15056.0,1335.0,41.0,3.7,56.9,934.0302784,-36.170327,144.758612,8.0,102.0,-4.0,very_low,True,False,False,False,False,183.62378310635793,1246.930421664,54.7947,True,False,moderate_growth,False,False,True,False
echuca,2,flat,398.0,396,Other Regional Centres,15056.0,1335.0,41.0,3.7,56.9,934.0302784,-36.170327,144.758612,8.0,102.0,-4.0,very_low,True,False,False,False,False,183.62378310635793,1246.930421664,54.7947,True,False,moderate_growth,False,False,True,False
echuca,2,house,404.2,88,Other Regional Centres,15056.0,1335.0,41.0,3.7,56.9,934.0302784,-36.170327,144.758612,8.0,102.0,-4.0,very_low,True,False,False,False,False,183.62378310635793,1246.930421664,54.7947,False,True,moderate_growth,False,False,True,False
echuca,3,flat,472.0,71,Other Regional Centres,15056.0,1335.0,41.0,3.7,56.9,934.0302784,-36.170327,144.758612,8.0,102.0,-4.0,very_low,True,False,False,False,False,183.62378310635793,1246.930421664,54.7947,True,False,moderate_growth,False,False,True,False
echuca,3,house,498.0,628,Other Regional Centres,15056.0,1335.0,41.0,3.7,56.9,934.0302784,-36.170327,144.758612,8.0,102.0,-4.0,very_low,True,False,False,False,False,183.62378310635793,1246.930421664,54.7947,False,True,moderate_growth,False,False,True,False
echuca,4,house,615.0,282,Other Regional Centres,15056.0,1335.0,41.0,3.7,56.9,934.0302784,-36.170327,144.758612,8.0,102.0,-4.0,very_low,True,False,False,False,False,183.62378310635793,1246.930421664,54.7947,False,True,moderate_growth,False,False,True,False
elsternwick,1,flat,432.0,819,Southern Melbourne,10887.0,2209.0,81.5,3.5,69.4,1120.536136,-37.885839,145.007014,9.0,33.0,-4.0,very_high,False,False,False,False,True,8.910081326829106,2475.264324424,66.971,True,False,moderate_growth,False,False,True,False
elsternwick,2,flat,598.6,1451,Southern Melbourne,10887.0,2209.0,81.5,3.5,69.4,1120.536136,-37.885839,145.007014,9.0,33.0,-4.0,very_high,False,False,False,False,True,8.910081326829106,2475.264324424,66.971,True,False,moderate_growth,False,False,True,False
elsternwick,2,house,699.2,85,Southern Melbourne,10887.0,2209.0,81.5,3.5,69.4,1120.536136,-37.885839,145.007014,9.0,33.0,-4.0,very_high,False,False,False,False,True,8.910081326829106,2475.264324424,66.971,False,True,moderate_growth,False,False,True,False
elsternwick,3,flat,811.6,274,Southern Melbourne,10887.0,2209.0,81.5,3.5,69.4,1120.536136,-37.885839,145.007014,9.0,33.0,-4.0,very_high,False,False,False,False,True,8.910081326829106,2475.264324424,66.971,True,False,moderate_growth,False,False,True,False
elsternwick,3,house,899.0,163,Southern Melbourne,10887.0,2209.0,81.5,3.5,69.4,1120.536136,-37.885839,145.007014,9.0,33.0,-4.0,very_high,False,False,False,False,True,8.910081326829106,2475.264324424,66.971,False,True,moderate_growth,False,False,True,False
elsternwick,4,house,1080.0,103,Southern Melbourne,10887.0,2209.0,81.5,3.5,69.4,1120.536136,-37.885839,145.007014,9.0,33.0,-4.0,very_high,False,False,False,False,True,8.910081326829106,2475.264324424,66.971,False,True,moderate_growth,False,False,True,False
eltham,1,flat,352.0,134,North Eastern Melbourne,18847.0,2391.0,68.9,3.8,66.5,1095.654648,-37.717415,145.159165,1.0,67.0,6.0,high,False,False,False,True,False,20.28345651286007,2619.7102633679997,63.973,True,False,slow_growth,False,True,False,False
eltham,2,flat,486.0,427,North Eastern Melbourne,18847.0,2391.0,68.9,3.8,66.5,1095.654648,-37.717415,145.159165,1.0,67.0,6.0,high,False,False,False,True,False,20.28345651286007,2619.7102633679997,63.973,True,False,slow_growth,False,True,False,False
eltham,2,house,494.0,97,North Eastern Melbourne,18847.0,2391.0,68.9,3.8,66.5,1095.654648,-37.717415,145.159165,1.0,67.0,6.0,high,False,False,False,True,False,20.28345651286007,2619.7102633679997,63.973,False,True,slow_growth,False,True,False,False
eltham,3,flat,612.8,302,North Eastern Melbourne,18847.0,2391.0,68.9,3.8,66.5,1095.654648,-37.717415,145.159165,1.0,67.0,6.0,high,False,False,False,True,False,20.28345651286007,2619.7102633679997,63.973,True,False,slow_growth,False,True,False,False
eltham,3,house,642.0,790,North Eastern Melbourne,18847.0,2391.0,68.9,3.8,66.5,1095.654648,-37.717415,145.159165,1.0,67.0,6.0,high,False,False,False,True,False,20.28345651286007,2619.7102633679997,63.973,False,True,slow_growth,False,True,False,False
eltham,4,house,805.2,430,North Eastern Melbourne,18847.0,2391.0,68.9,3.8,66.5,1095.654648,-37.717415,145.159165,1.0,67.0,6.0,high,False,False,False,True,False,20.28345651286007,2619.7102633679997,63.973,False,True,slow_growth,False,True,False,False
elwood,1,flat,443.0,1759,Inner Melbourne,15153.0,2096.0,84.2,4.1,74.7,1116.632661,-37.880773,144.985503,3.0,32.0,-2.0,very_high,False,False,False,False,True,7.723979816474184,2340.4620574560004,71.6373,True,False,slow_growth,False,True,False,False
elwood,2,flat,599.6,3188,Inner Melbourne,15153.0,2096.0,84.2,4.1,74.7,1116.632661,-37.880773,144.985503,3.0,32.0,-2.0,very_high,False,False,False,False,True,7.723979816474184,2340.4620574560004,71.6373,True,False,slow_growth,False,True,False,False
elwood,2,house,759.0,146,Inner Melbourne,15153.0,2096.0,84.2,4.1,74.7,1116.632661,-37.880773,144.985503,3.0,32.0,-2.0,very_high,False,False,False,False,True,7.723979816474184,2340.4620574560004,71.6373,False,True,slow_growth,False,True,False,False
elwood,3,flat,885.6,485,Inner Melbourne,15153.0,2096.0,84.2,4.1,74.7,1116.632661,-37.880773,144.985503,3.0,32.0,-2.0,very_high,False,False,False,False,True,7.723979816474184,2340.4620574560004,71.6373,True,False,slow_growth,False,True,False,False
elwood,3,house,1019.0,254,Inner Melbourne,15153.0,2096.0,84.2,4.1,74.7,1116.632661,-37.880773,144.985503,3.0,32.0,-2.0,very_high,False,False,False,False,True,7.723979816474184,2340.4620574560004,71.6373,False,True,slow_growth,False,True,False,False
elwood,4,house,1580.8,135,Inner Melbourne,15153.0,2096.0,84.2,4.1,74.7,1116.632661,-37.880773,144.985503,3.0,32.0,-2.0,very_high,False,False,False,False,True,7.723979816474184,2340.4620574560004,71.6373,False,True,slow_growth,False,True,False,False
endeavour hills,1,flat,335.6,168,South Eastern Melbourne,24455.0,1740.0,64.5,6.5,59.1,987.1980485,-37.970087,145.256221,3.0,69.0,12.0,low,False,True,False,False,False,31.054705872771603,1717.72460439,55.258500000000005,True,False,slow_growth,False,True,False,False
endeavour hills,2,flat,460.6,816,South Eastern Melbourne,24455.0,1740.0,64.5,6.5,59.1,987.1980485,-37.970087,145.256221,3.0,69.0,12.0,low,False,True,False,False,False,31.054705872771603,1717.72460439,55.258500000000005,True,False,slow_growth,False,True,False,False
endeavour hills,2,house,453.0,177,South Eastern Melbourne,24455.0,1740.0,64.5,6.5,59.1,987.1980485,-37.970087,145.256221,3.0,69.0,12.0,low,False,True,False,False,False,31.054705872771603,1717.72460439,55.258500000000005,False,True,slow_growth,False,True,False,False
endeavour hills,3,flat,536.0,510,South Eastern Melbourne,24455.0,1740.0,64.5,6.5,59.1,987.1980485,-37.970087,145.256221,3.0,69.0,12.0,low,False,True,False,False,False,31.054705872771603,1717.72460439,55.258500000000005,True,False,slow_growth,False,True,False,False
endeavour hills,3,house,522.0,2269,South Eastern Melbourne,24455.0,1740.0,64.5,6.5,59.1,987.1980485,-37.970087,145.256221,3.0,69.0,12.0,low,False,True,False,False,False,31.054705872771603,1717.72460439,55.258500000000005,False,True,slow_growth,False,True,False,False
endeavour hills,4,house,617.6,663,South Eastern Melbourne,24455.0,1740.0,64.5,6.5,59.1,987.1980485,-37.970087,145.256221,3.0,69.0,12.0,low,False,True,False,False,False,31.054705872771603,1717.72460439,55.258500000000005,False,True,slow_growth,False,True,False,False
epping,1,flat,384.0,177,North Eastern Melbourne,33489.0,1671.0,62.9,6.5,60.7,955.0520408,-37.638938,145.009085,6.0,81.0,3.0,low,False,True,False,False,False,19.838153027481663,1595.8919601768,56.75450000000001,True,False,moderate_growth,False,False,True,False
epping,2,flat,448.0,1016,North Eastern Melbourne,33489.0,1671.0,62.9,6.5,60.7,955.0520408,-37.638938,145.009085,6.0,81.0,3.0,low,False,True,False,False,False,19.838153027481663,1595.8919601768,56.75450000000001,True,False,moderate_growth,False,False,True,False
epping,2,house,472.0,515,North Eastern Melbourne,33489.0,1671.0,62.9,6.5,60.7,955.0520408,-37.638938,145.009085,6.0,81.0,3.0,low,False,True,False,False,False,19.838153027481663,1595.8919601768,56.75450000000001,False,True,moderate_growth,False,False,True,False
epping,3,flat,501.6,594,North Eastern Melbourne,33489.0,1671.0,62.9,6.5,60.7,955.0520408,-37.638938,145.009085,6.0,81.0,3.0,low,False,True,False,False,False,19.838153027481663,1595.8919601768,56.75450000000001,True,False,moderate_growth,False,False,True,False
epping,3,house,520.0,3565,North Eastern Melbourne,33489.0,1671.0,62.9,6.5,60.7,955.0520408,-37.638938,145.009085,6.0,81.0,3.0,low,False,True,False,False,False,19.838153027481663,1595.8919601768,56.75450000000001,False,True,moderate_growth,False,False,True,False
epping,4,house,596.0,1950,North Eastern Melbourne,33489.0,1671.0,62.9,6.5,60.7,955.0520408,-37.638938,145.009085,6.0,81.0,3.0,low,False,True,False,False,False,19.838153027481663,1595.8919601768,56.75450000000001,False,True,moderate_growth,False,False,True,False
essendon,1,flat,424.0,1758,North Western Melbourne,21240.0,2132.0,74.0,4.2,69.0,1092.164467,-37.749795,144.910911,-3.0,39.0,1.0,high,False,False,False,True,False,8.44821212998056,2328.494643644,66.102,True,False,declining,True,False,False,False
essendon,2,flat,502.0,3313,North Western Melbourne,21240.0,2132.0,74.0,4.2,69.0,1092.164467,-37.749795,144.910911,-3.0,39.0,1.0,high,False,False,False,True,False,8.44821212998056,2328.494643644,66.102,True,False,declining,True,False,False,False
essendon,2,house,531.0,358,North Western Melbourne,21240.0,2132.0,74.0,4.2,69.0,1092.164467,-37.749795,144.910911,-3.0,39.0,1.0,high,False,False,False,True,False,8.44821212998056,2328.494643644,66.102,False,True,declining,True,False,False,False
essendon,3,flat,630.0,890,North Western Melbourne,21240.0,2132.0,74.0,4.2,69.0,1092.164467,-37.749795,144.910911,-3.0,39.0,1.0,high,False,False,False,True,False,8.44821212998056,2328.494643644,66.102,True,False,declining,True,False,False,False
essendon,3,house,643.6,1304,North Western Melbourne,21240.0,2132.0,74.0,4.2,69.0,1092.164467,-37.749795,144.910911,-3.0,39.0,1.0,high,False,False,False,True,False,8.44821212998056,2328.494643644,66.102,False,True,declining,True,False,False,False
essendon,4,house,888.6,724,North Western Melbourne,21240.0,2132.0,74.0,4.2,69.0,1092.164467,-37.749795,144.910911,-3.0,39.0,1.0,high,False,False,False,True,False,8.44821212998056,2328.494643644,66.102,False,True,declining,True,False,False,False
fairfield,1,flat,393.0,1058,North Eastern Melbourne,6535.0,1967.0,78.0,4.0,69.9,1101.887374,-37.784501,145.01582,12.0,64.0,-17.0,high,False,False,False,True,False,5.650299490126589,2167.412464658,67.104,True,False,strong_growth,False,False,False,True
fairfield,2,flat,566.0,1112,North Eastern Melbourne,6535.0,1967.0,78.0,4.0,69.9,1101.887374,-37.784501,145.01582,12.0,64.0,-17.0,high,False,False,False,True,False,5.650299490126589,2167.412464658,67.104,True,False,strong_growth,False,False,False,True
fairfield,2,house,650.0,123,North Eastern Melbourne,6535.0,1967.0,78.0,4.0,69.9,1101.887374,-37.784501,145.01582,12.0,64.0,-17.0,high,False,False,False,True,False,5.650299490126589,2167.412464658,67.104,False,True,strong_growth,False,False,False,True
fairfield,3,flat,868.0,228,North Eastern Melbourne,6535.0,1967.0,78.0,4.0,69.9,1101.887374,-37.784501,145.01582,12.0,64.0,-17.0,high,False,False,False,True,False,5.650299490126589,2167.412464658,67.104,True,False,strong_growth,False,False,False,True
fairfield,3,house,849.0,311,North Eastern Melbourne,6535.0,1967.0,78.0,4.0,69.9,1101.887374,-37.784501,145.01582,12.0,64.0,-17.0,high,False,False,False,True,False,5.650299490126589,2167.412464658,67.104,False,True,strong_growth,False,False,False,True
fairfield,4,house,1050.6,138,North Eastern Melbourne,6535.0,1967.0,78.0,4.0,69.9,1101.887374,-37.784501,145.01582,12.0,64.0,-17.0,high,False,False,False,True,False,5.650299490126589,2167.412464658,67.104,False,True,strong_growth,False,False,False,True
fawkner,1,flat,384.6,359,North Western Melbourne,14274.0,1428.0,62.7,7.9,54.4,950.2841784,-37.704824,144.969395,7.0,63.0,15.0,very_low,True,False,False,False,False,12.107992231925438,1357.0058067552,50.1024,True,False,moderate_growth,False,False,True,False
fawkner,2,flat,480.0,2537,North Western Melbourne,14274.0,1428.0,62.7,7.9,54.4,950.2841784,-37.704824,144.969395,7.0,63.0,15.0,very_low,True,False,False,False,False,12.107992231925438,1357.0058067552,50.1024,True,False,moderate_growth,False,False,True,False
fawkner,2,house,492.0,531,North Western Melbourne,14274.0,1428.0,62.7,7.9,54.4,950.2841784,-37.704824,144.969395,7.0,63.0,15.0,very_low,True,False,False,False,False,12.107992231925438,1357.0058067552,50.1024,False,True,moderate_growth,False,False,True,False
fawkner,3,flat,596.0,1208,North Western Melbourne,14274.0,1428.0,62.7,7.9,54.4,950.2841784,-37.704824,144.969395,7.0,63.0,15.0,very_low,True,False,False,False,False,12.107992231925438,1357.0058067552,50.1024,True,False,moderate_growth,False,False,True,False
fawkner,3,house,546.2,1807,North Western Melbourne,14274.0,1428.0,62.7,7.9,54.4,950.2841784,-37.704824,144.969395,7.0,63.0,15.0,very_low,True,False,False,False,False,12.107992231925438,1357.0058067552,50.1024,False,True,moderate_growth,False,False,True,False
fawkner,4,house,652.0,451,North Western Melbourne,14274.0,1428.0,62.7,7.9,54.4,950.2841784,-37.704824,144.969395,7.0,63.0,15.0,very_low,True,False,False,False,False,12.107992231925438,1357.0058067552,50.1024,False,True,moderate_growth,False,False,True,False
ferntree gully,1,flat,350.0,22,Outer Eastern Melbourne,27398.0,1770.0,58.4,4.5,64.8,1005.146682,-37.884401,145.280421,5.0,55.0,5.0,low,False,True,False,False,False,28.952604771426508,1779.10962714,61.88399999999999,True,False,slow_growth,False,True,False,False
ferntree gully,2,flat,498.0,335,Outer Eastern Melbourne,27398.0,1770.0,58.4,4.5,64.8,1005.146682,-37.884401,145.280421,5.0,55.0,5.0,low,False,True,False,False,False,28.952604771426508,1779.10962714,61.88399999999999,True,False,slow_growth,False,True,False,False
ferntree gully,2,house,491.2,103,Outer Eastern Melbourne,27398.0,1770.0,58.4,4.5,64.8,1005.146682,-37.884401,145.280421,5.0,55.0,5.0,low,False,True,False,False,False,28.952604771426508,1779.10962714,61.88399999999999,False,True,slow_growth,False,True,False,False
ferntree gully,3,flat,582.6,354,Outer Eastern Melbourne,27398.0,1770.0,58.4,4.5,64.8,1005.146682,-37.884401,145.280421,5.0,55.0,5.0,low,False,True,False,False,False,28.952604771426508,1779.10962714,61.88399999999999,True,False,slow_growth,False,True,False,False
ferntree gully,3,house,587.8,914,Outer Eastern Melbourne,27398.0,1770.0,58.4,4.5,64.8,1005.146682,-37.884401,145.280421,5.0,55.0,5.0,low,False,True,False,False,False,28.952604771426508,1779.10962714,61.88399999999999,False,True,slow_growth,False,True,False,False
ferntree gully,4,house,685.0,320,Outer Eastern Melbourne,27398.0,1770.0,58.4,4.5,64.8,1005.146682,-37.884401,145.280421,5.0,55.0,5.0,low,False,True,False,False,False,28.952604771426508,1779.10962714,61.88399999999999,False,True,slow_growth,False,True,False,False
fitzroy,1,flat,527.2,1090,Inner Melbourne,10431.0,2194.0,84.3,4.5,69.2,1065.855679,-37.800872,144.979156,-10.0,21.0,2.0,medium,False,False,True,False,False,1.9981809865435805,2338.4873597260002,66.086,True,False,declining,True,False,False,False
fitzroy,2,flat,735.0,1129,Inner Melbourne,10431.0,2194.0,84.3,4.5,69.2,1065.855679,-37.800872,144.979156,-10.0,21.0,2.0,medium,False,False,True,False,False,1.9981809865435805,2338.4873597260002,66.086,True,False,declining,True,False,False,False
fitzroy,2,house,789.6,286,Inner Melbourne,10431.0,2194.0,84.3,4.5,69.2,1065.855679,-37.800872,144.979156,-10.0,21.0,2.0,medium,False,False,True,False,False,1.9981809865435805,2338.4873597260002,66.086,False,True,declining,True,False,False,False
fitzroy,3,flat,1090.0,159,Inner Melbourne,10431.0,2194.0,84.3,4.5,69.2,1065.855679,-37.800872,144.979156,-10.0,21.0,2.0,medium,False,False,True,False,False,1.9981809865435805,2338.4873597260002,66.086,True,False,declining,True,False,False,False
fitzroy,3,house,1056.0,241,Inner Melbourne,10431.0,2194.0,84.3,4.5,69.2,1065.855679,-37.800872,144.979156,-10.0,21.0,2.0,medium,False,False,True,False,False,1.9981809865435805,2338.4873597260002,66.086,False,True,declining,True,False,False,False
fitzroy,4,house,1375.0,21,Inner Melbourne,10431.0,2194.0,84.3,4.5,69.2,1065.855679,-37.800872,144.979156,-10.0,21.0,2.0,medium,False,False,True,False,False,1.9981809865435805,2338.4873597260002,66.086,False,True,declining,True,False,False,False
fitzroy north,1,flat,482.0,1106,Inner Melbourne,12781.0,2300.0,84.2,3.6,70.9,1125.161684,-37.783955,144.98436,8.0,42.0,-6.0,very_high,False,False,False,False,True,3.7888462116319426,2587.8718731999998,68.3476,True,False,moderate_growth,False,False,True,False
fitzroy north,2,flat,657.0,1243,Inner Melbourne,12781.0,2300.0,84.2,3.6,70.9,1125.161684,-37.783955,144.98436,8.0,42.0,-6.0,very_high,False,False,False,False,True,3.7888462116319426,2587.8718731999998,68.3476,True,False,moderate_growth,False,False,True,False
fitzroy north,2,house,726.6,692,Inner Melbourne,12781.0,2300.0,84.2,3.6,70.9,1125.161684,-37.783955,144.98436,8.0,42.0,-6.0,very_high,False,False,False,False,True,3.7888462116319426,2587.8718731999998,68.3476,False,True,moderate_growth,False,False,True,False
fitzroy north,3,flat,961.6,210,Inner Melbourne,12781.0,2300.0,84.2,3.6,70.9,1125.161684,-37.783955,144.98436,8.0,42.0,-6.0,very_high,False,False,False,False,True,3.7888462116319426,2587.8718731999998,68.3476,True,False,moderate_growth,False,False,True,False
fitzroy north,3,house,954.6,471,Inner Melbourne,12781.0,2300.0,84.2,3.6,70.9,1125.161684,-37.783955,144.98436,8.0,42.0,-6.0,very_high,False,False,False,False,True,3.7888462116319426,2587.8718731999998,68.3476,False,True,moderate_growth,False,False,True,False
fitzroy north,4,house,1371.0,158,Inner Melbourne,12781.0,2300.0,84.2,3.6,70.9,1125.161684,-37.783955,144.98436,8.0,42.0,-6.0,very_high,False,False,False,False,True,3.7888462116319426,2587.8718731999998,68.3476,False,True,moderate_growth,False,False,True,False
flemington,1,flat,429.4,2961,Inner Melbourne,7025.0,1525.0,75.0,7.1,64.6,976.3606282,-37.78675,144.919329,7.0,40.0,41.0,low,False,True,False,False,False,4.868635930012706,1488.9499580049999,60.0134,True,False,moderate_growth,False,False,True,False
flemington,2,flat,536.0,3121,Inner Melbourne,7025.0,1525.0,75.0,7.1,64.6,976.3606282,-37.78675,144.919329,7.0,40.0,41.0,low,False,True,False,False,False,4.868635930012706,1488.9499580049999,60.0134,True,False,moderate_growth,False,False,True,False
flemington,2,house,618.0,786,Inner Melbourne,7025.0,1525.0,75.0,7.1,64.6,976.3606282,-37.78675,144.919329,7.0,40.0,41.0,low,False,True,False,False,False,4.868635930012706,1488.9499580049999,60.0134,False,True,moderate_growth,False,False,True,False
flemington,3,flat,793.0,303,Inner Melbourne,7025.0,1525.0,75.0,7.1,64.6,976.3606282,-37.78675,144.919329,7.0,40.0,41.0,low,False,True,False,False,False,4.868635930012706,1488.9499580049999,60.0134,True,False,moderate_growth,False,False,True,False
flemington,3,house,752.0,650,Inner Melbourne,7025.0,1525.0,75.0,7.1,64.6,976.3606282,-37.78675,144.919329,7.0,40.0,41.0,low,False,True,False,False,False,4.868635930012706,1488.9499580049999,60.0134,False,True,moderate_growth,False,False,True,False
flemington,4,house,939.6,157,Inner Melbourne,7025.0,1525.0,75.0,7.1,64.6,976.3606282,-37.78675,144.919329,7.0,40.0,41.0,low,False,True,False,False,False,4.868635930012706,1488.9499580049999,60.0134,False,True,moderate_growth,False,False,True,False
flinders,1,flat,356.0,180,Mornington Peninsula,1130.0,2104.0,73.9,2.0,44.1,1111.418688,-38.458342,144.978282,-22.0,138.0,0.0,very_high,False,False,False,False,True,71.70433433950383,2338.4249195519997,43.218,True,False,declining,True,False,False,False
flinders,2,flat,456.0,495,Mornington Peninsula,1130.0,2104.0,73.9,2.0,44.1,1111.418688,-38.458342,144.978282,-22.0,138.0,0.0,very_high,False,False,False,False,True,71.70433433950383,2338.4249195519997,43.218,True,False,declining,True,False,False,False
flinders,2,house,477.8,177,Mornington Peninsula,1130.0,2104.0,73.9,2.0,44.1,1111.418688,-38.458342,144.978282,-22.0,138.0,0.0,very_high,False,False,False,False,True,71.70433433950383,2338.4249195519997,43.218,False,True,declining,True,False,False,False
flinders,3,flat,537.0,295,Mornington Peninsula,1130.0,2104.0,73.9,2.0,44.1,1111.418688,-38.458342,144.978282,-22.0,138.0,0.0,very_high,False,False,False,False,True,71.70433433950383,2338.4249195519997,43.218,True,False,declining,True,False,False,False
flinders,3,house,573.0,1228,Mornington Peninsula,1130.0,2104.0,73.9,2.0,44.1,1111.418688,-38.458342,144.978282,-22.0,138.0,0.0,very_high,False,False,False,False,True,71.70433433950383,2338.4249195519997,43.218,False,True,declining,True,False,False,False
flinders,4,house,732.0,571,Mornington Peninsula,1130.0,2104.0,73.9,2.0,44.1,1111.418688,-38.458342,144.978282,-22.0,138.0,0.0,very_high,False,False,False,False,True,71.70433433950383,2338.4249195519997,43.218,False,True,declining,True,False,False,False
flora hill,1,flat,324.6,144,Bendigo,3989.0,1347.0,62.0,6.5,64.5,945.2360003,-36.781218,144.295624,11.0,84.0,3.0,very_low,True,False,False,False,False,129.08806173346431,1273.2328924040999,60.307500000000005,True,False,strong_growth,False,False,False,True
flora hill,2,flat,370.0,724,Bendigo,3989.0,1347.0,62.0,6.5,64.5,945.2360003,-36.781218,144.295624,11.0,84.0,3.0,very_low,True,False,False,False,False,129.08806173346431,1273.2328924040999,60.307500000000005,True,False,strong_growth,False,False,False,True
flora hill,2,house,402.0,290,Bendigo,3989.0,1347.0,62.0,6.5,64.5,945.2360003,-36.781218,144.295624,11.0,84.0,3.0,very_low,True,False,False,False,False,129.08806173346431,1273.2328924040999,60.307500000000005,False,True,strong_growth,False,False,False,True
flora hill,3,flat,446.0,270,Bendigo,3989.0,1347.0,62.0,6.5,64.5,945.2360003,-36.781218,144.295624,11.0,84.0,3.0,very_low,True,False,False,False,False,129.08806173346431,1273.2328924040999,60.307500000000005,True,False,strong_growth,False,False,False,True
flora hill,3,house,461.0,1462,Bendigo,3989.0,1347.0,62.0,6.5,64.5,945.2360003,-36.781218,144.295624,11.0,84.0,3.0,very_low,True,False,False,False,False,129.08806173346431,1273.2328924040999,60.307500000000005,False,True,strong_growth,False,False,False,True
flora hill,4,house,548.0,483,Bendigo,3989.0,1347.0,62.0,6.5,64.5,945.2360003,-36.781218,144.295624,11.0,84.0,3.0,very_low,True,False,False,False,False,129.08806173346431,1273.2328924040999,60.307500000000005,False,True,strong_growth,False,False,False,True
footscray,1,flat,438.0,2767,Outer Western Melbourne,17131.0,1763.0,79.4,6.6,68.8,1029.885778,-37.798172,144.897091,-4.0,34.0,-13.0,medium,False,False,True,False,False,6.047591227782584,1815.6886266140002,64.25919999999999,True,False,declining,True,False,False,False
footscray,2,flat,566.0,3947,Outer Western Melbourne,17131.0,1763.0,79.4,6.6,68.8,1029.885778,-37.798172,144.897091,-4.0,34.0,-13.0,medium,False,False,True,False,False,6.047591227782584,1815.6886266140002,64.25919999999999,True,False,declining,True,False,False,False
footscray,2,house,560.6,564,Outer Western Melbourne,17131.0,1763.0,79.4,6.6,68.8,1029.885778,-37.798172,144.897091,-4.0,34.0,-13.0,medium,False,False,True,False,False,6.047591227782584,1815.6886266140002,64.25919999999999,False,True,declining,True,False,False,False
footscray,3,flat,695.6,475,Outer Western Melbourne,17131.0,1763.0,79.4,6.6,68.8,1029.885778,-37.798172,144.897091,-4.0,34.0,-13.0,medium,False,False,True,False,False,6.047591227782584,1815.6886266140002,64.25919999999999,True,False,declining,True,False,False,False
footscray,3,house,645.6,705,Outer Western Melbourne,17131.0,1763.0,79.4,6.6,68.8,1029.885778,-37.798172,144.897091,-4.0,34.0,-13.0,medium,False,False,True,False,False,6.047591227782584,1815.6886266140002,64.25919999999999,False,True,declining,True,False,False,False
footscray,4,house,772.0,99,Outer Western Melbourne,17131.0,1763.0,79.4,6.6,68.8,1029.885778,-37.798172,144.897091,-4.0,34.0,-13.0,medium,False,False,True,False,False,6.047591227782584,1815.6886266140002,64.25919999999999,False,True,declining,True,False,False,False
forest hill,1,flat,512.0,235,Inner Eastern Melbourne,10780.0,1658.0,69.6,5.4,57.7,1035.514693,-37.839856,145.171054,2.0,37.0,0.0,medium,False,False,True,False,False,18.496344935972648,1716.8833609940002,54.5842,True,False,slow_growth,False,True,False,False
forest hill,2,flat,561.0,886,Inner Eastern Melbourne,10780.0,1658.0,69.6,5.4,57.7,1035.514693,-37.839856,145.171054,2.0,37.0,0.0,medium,False,False,True,False,False,18.496344935972648,1716.8833609940002,54.5842,True,False,slow_growth,False,True,False,False
forest hill,2,house,530.0,129,Inner Eastern Melbourne,10780.0,1658.0,69.6,5.4,57.7,1035.514693,-37.839856,145.171054,2.0,37.0,0.0,medium,False,False,True,False,False,18.496344935972648,1716.8833609940002,54.5842,False,True,slow_growth,False,True,False,False
forest hill,3,flat,650.0,417,Inner Eastern Melbourne,10780.0,1658.0,69.6,5.4,57.7,1035.514693,-37.839856,145.171054,2.0,37.0,0.0,medium,False,False,True,False,False,18.496344935972648,1716.8833609940002,54.5842,True,False,slow_growth,False,True,False,False
forest hill,3,house,609.6,1543,Inner Eastern Melbourne,10780.0,1658.0,69.6,5.4,57.7,1035.514693,-37.839856,145.171054,2.0,37.0,0.0,medium,False,False,True,False,False,18.496344935972648,1716.8833609940002,54.5842,False,True,slow_growth,False,True,False,False
forest hill,4,house,740.0,991,Inner Eastern Melbourne,10780.0,1658.0,69.6,5.4,57.7,1035.514693,-37.839856,145.171054,2.0,37.0,0.0,medium,False,False,True,False,False,18.496344935972648,1716.8833609940002,54.5842,False,True,slow_growth,False,True,False,False
frankston,1,flat,340.8,880,Mornington Peninsula,37331.0,1387.0,56.4,5.5,58.7,953.4179571,-38.148144,145.145688,12.0,94.0,9.0,low,False,True,False,False,False,40.49574261444668,1322.3907064977,55.4715,True,False,strong_growth,False,False,False,True
frankston,2,flat,457.0,2247,Mornington Peninsula,37331.0,1387.0,56.4,5.5,58.7,953.4179571,-38.148144,145.145688,12.0,94.0,9.0,low,False,True,False,False,False,40.49574261444668,1322.3907064977,55.4715,True,False,strong_growth,False,False,False,True
frankston,2,house,476.6,414,Mornington Peninsula,37331.0,1387.0,56.4,5.5,58.7,953.4179571,-38.148144,145.145688,12.0,94.0,9.0,low,False,True,False,False,False,40.49574261444668,1322.3907064977,55.4715,False,True,strong_growth,False,False,False,True
frankston,3,flat,554.0,914,Mornington Peninsula,37331.0,1387.0,56.4,5.5,58.7,953.4179571,-38.148144,145.145688,12.0,94.0,9.0,low,False,True,False,False,False,40.49574261444668,1322.3907064977,55.4715,True,False,strong_growth,False,False,False,True
frankston,3,house,559.0,3306,Mornington Peninsula,37331.0,1387.0,56.4,5.5,58.7,953.4179571,-38.148144,145.145688,12.0,94.0,9.0,low,False,True,False,False,False,40.49574261444668,1322.3907064977,55.4715,False,True,strong_growth,False,False,False,True
frankston,4,house,661.6,1400,Mornington Peninsula,37331.0,1387.0,56.4,5.5,58.7,953.4179571,-38.148144,145.145688,12.0,94.0,9.0,low,False,True,False,False,False,40.49574261444668,1322.3907064977,55.4715,False,True,strong_growth,False,False,False,True
geelong,1,flat,390.2,857,Geelong,5811.0,1670.0,68.5,5.2,63.5,1047.1088,-38.149946,144.361769,5.0,51.0,7.0,medium,False,False,True,False,False,64.62486822142029,1748.6716959999999,60.198,True,False,slow_growth,False,True,False,False
geelong,2,flat,471.2,1702,Geelong,5811.0,1670.0,68.5,5.2,63.5,1047.1088,-38.149946,144.361769,5.0,51.0,7.0,medium,False,False,True,False,False,64.62486822142029,1748.6716959999999,60.198,True,False,slow_growth,False,True,False,False
geelong,2,house,432.0,493,Geelong,5811.0,1670.0,68.5,5.2,63.5,1047.1088,-38.149946,144.361769,5.0,51.0,7.0,medium,False,False,True,False,False,64.62486822142029,1748.6716959999999,60.198,False,True,slow_growth,False,True,False,False
geelong,3,flat,508.6,403,Geelong,5811.0,1670.0,68.5,5.2,63.5,1047.1088,-38.149946,144.361769,5.0,51.0,7.0,medium,False,False,True,False,False,64.62486822142029,1748.6716959999999,60.198,True,False,slow_growth,False,True,False,False
geelong,3,house,466.0,2081,Geelong,5811.0,1670.0,68.5,5.2,63.5,1047.1088,-38.149946,144.361769,5.0,51.0,7.0,medium,False,False,True,False,False,64.62486822142029,1748.6716959999999,60.198,False,True,slow_growth,False,True,False,False
geelong,4,house,553.0,367,Geelong,5811.0,1670.0,68.5,5.2,63.5,1047.1088,-38.149946,144.361769,5.0,51.0,7.0,medium,False,False,True,False,False,64.62486822142029,1748.6716959999999,60.198,False,True,slow_growth,False,True,False,False
geelong west,1,flat,332.6,615,Geelong,7345.0,1797.0,68.8,3.9,69.2,1040.256293,-38.139357,144.344936,-1.0,74.0,-12.0,medium,False,False,True,False,False,65.17511302715681,1869.3405585209998,66.5012,True,False,declining,True,False,False,False
geelong west,2,flat,404.0,658,Geelong,7345.0,1797.0,68.8,3.9,69.2,1040.256293,-38.139357,144.344936,-1.0,74.0,-12.0,medium,False,False,True,False,False,65.17511302715681,1869.3405585209998,66.5012,True,False,declining,True,False,False,False
geelong west,2,house,457.0,337,Geelong,7345.0,1797.0,68.8,3.9,69.2,1040.256293,-38.139357,144.344936,-1.0,74.0,-12.0,medium,False,False,True,False,False,65.17511302715681,1869.3405585209998,66.5012,False,True,declining,True,False,False,False
geelong west,3,flat,560.0,198,Geelong,7345.0,1797.0,68.8,3.9,69.2,1040.256293,-38.139357,144.344936,-1.0,74.0,-12.0,medium,False,False,True,False,False,65.17511302715681,1869.3405585209998,66.5012,True,False,declining,True,False,False,False
geelong west,3,house,508.0,1155,Geelong,7345.0,1797.0,68.8,3.9,69.2,1040.256293,-38.139357,144.344936,-1.0,74.0,-12.0,medium,False,False,True,False,False,65.17511302715681,1869.3405585209998,66.5012,False,True,declining,True,False,False,False
geelong west,4,house,642.0,454,Geelong,7345.0,1797.0,68.8,3.9,69.2,1040.256293,-38.139357,144.344936,-1.0,74.0,-12.0,medium,False,False,True,False,False,65.17511302715681,1869.3405585209998,66.5012,False,True,declining,True,False,False,False
gladstone park,1,flat,340.0,14,North Western Melbourne,8213.0,1452.0,54.0,7.2,53.4,953.0231856,-37.689824,144.894513,12.0,74.0,0.0,low,False,True,False,False,False,15.026283086155589,1383.7896654912001,49.55519999999999,True,False,strong_growth,False,False,False,True
gladstone park,2,flat,448.0,451,North Western Melbourne,8213.0,1452.0,54.0,7.2,53.4,953.0231856,-37.689824,144.894513,12.0,74.0,0.0,low,False,True,False,False,False,15.026283086155589,1383.7896654912001,49.55519999999999,True,False,strong_growth,False,False,False,True
gladstone park,2,house,480.0,62,North Western Melbourne,8213.0,1452.0,54.0,7.2,53.4,953.0231856,-37.689824,144.894513,12.0,74.0,0.0,low,False,True,False,False,False,15.026283086155589,1383.7896654912001,49.55519999999999,False,True,strong_growth,False,False,False,True
gladstone park,3,flat,528.6,280,North Western Melbourne,8213.0,1452.0,54.0,7.2,53.4,953.0231856,-37.689824,144.894513,12.0,74.0,0.0,low,False,True,False,False,False,15.026283086155589,1383.7896654912001,49.55519999999999,True,False,strong_growth,False,False,False,True
gladstone park,3,house,516.0,962,North Western Melbourne,8213.0,1452.0,54.0,7.2,53.4,953.0231856,-37.689824,144.894513,12.0,74.0,0.0,low,False,True,False,False,False,15.026283086155589,1383.7896654912001,49.55519999999999,False,True,strong_growth,False,False,False,True
gladstone park,4,house,612.0,320,North Western Melbourne,8213.0,1452.0,54.0,7.2,53.4,953.0231856,-37.689824,144.894513,12.0,74.0,0.0,low,False,True,False,False,False,15.026283086155589,1383.7896654912001,49.55519999999999,False,True,strong_growth,False,False,False,True
glen iris,1,flat,440.0,1110,Inner Eastern Melbourne,26131.0,2491.0,81.8,4.0,68.6,1144.063874,-37.855789,145.065082,8.0,44.0,-9.0,very_high,False,False,False,False,True,10.11030465676043,2849.863110134,65.856,True,False,moderate_growth,False,False,True,False
glen iris,2,flat,583.2,2780,Inner Eastern Melbourne,26131.0,2491.0,81.8,4.0,68.6,1144.063874,-37.855789,145.065082,8.0,44.0,-9.0,very_high,False,False,False,False,True,10.11030465676043,2849.863110134,65.856,True,False,moderate_growth,False,False,True,False
glen iris,2,house,644.0,255,Inner Eastern Melbourne,26131.0,2491.0,81.8,4.0,68.6,1144.063874,-37.855789,145.065082,8.0,44.0,-9.0,very_high,False,False,False,False,True,10.11030465676043,2849.863110134,65.856,False,True,moderate_growth,False,False,True,False
glen iris,3,flat,807.6,862,Inner Eastern Melbourne,26131.0,2491.0,81.8,4.0,68.6,1144.063874,-37.855789,145.065082,8.0,44.0,-9.0,very_high,False,False,False,False,True,10.11030465676043,2849.863110134,65.856,True,False,moderate_growth,False,False,True,False
glen iris,3,house,828.2,846,Inner Eastern Melbourne,26131.0,2491.0,81.8,4.0,68.6,1144.063874,-37.855789,145.065082,8.0,44.0,-9.0,very_high,False,False,False,False,True,10.11030465676043,2849.863110134,65.856,False,True,moderate_growth,False,False,True,False
glen iris,4,house,1167.0,813,Inner Eastern Melbourne,26131.0,2491.0,81.8,4.0,68.6,1144.063874,-37.855789,145.065082,8.0,44.0,-9.0,very_high,False,False,False,False,True,10.11030465676043,2849.863110134,65.856,False,True,moderate_growth,False,False,True,False
glen waverley,1,flat,525.0,323,Inner Eastern Melbourne,42642.0,1918.0,76.2,5.9,57.6,1078.904594,-37.881592,145.168183,4.0,42.0,3.0,high,False,False,False,True,False,19.52995467784846,2069.339011292,54.2016,True,False,slow_growth,False,True,False,False
glen waverley,2,flat,628.0,1489,Inner Eastern Melbourne,42642.0,1918.0,76.2,5.9,57.6,1078.904594,-37.881592,145.168183,4.0,42.0,3.0,high,False,False,False,True,False,19.52995467784846,2069.339011292,54.2016,True,False,slow_growth,False,True,False,False
glen waverley,2,house,577.0,166,Inner Eastern Melbourne,42642.0,1918.0,76.2,5.9,57.6,1078.904594,-37.881592,145.168183,4.0,42.0,3.0,high,False,False,False,True,False,19.52995467784846,2069.339011292,54.2016,False,True,slow_growth,False,True,False,False
glen waverley,3,flat,652.0,1146,Inner Eastern Melbourne,42642.0,1918.0,76.2,5.9,57.6,1078.904594,-37.881592,145.168183,4.0,42.0,3.0,high,False,False,False,True,False,19.52995467784846,2069.339011292,54.2016,True,False,slow_growth,False,True,False,False
glen waverley,3,house,629.0,2577,Inner Eastern Melbourne,42642.0,1918.0,76.2,5.9,57.6,1078.904594,-37.881592,145.168183,4.0,42.0,3.0,high,False,False,False,True,False,19.52995467784846,2069.339011292,54.2016,False,True,slow_growth,False,True,False,False
glen waverley,4,house,754.6,2588,Inner Eastern Melbourne,42642.0,1918.0,76.2,5.9,57.6,1078.904594,-37.881592,145.168183,4.0,42.0,3.0,high,False,False,False,True,False,19.52995467784846,2069.339011292,54.2016,False,True,slow_growth,False,True,False,False
glenroy,1,flat,384.6,359,North Western Melbourne,23792.0,1655.0,68.0,5.9,60.0,977.35838,-37.70263,144.926707,4.0,54.0,6.0,low,False,True,False,False,False,12.747319524941295,1617.5281189000002,56.459999999999994,True,False,slow_growth,False,True,False,False
glenroy,2,flat,480.0,2537,North Western Melbourne,23792.0,1655.0,68.0,5.9,60.0,977.35838,-37.70263,144.926707,4.0,54.0,6.0,low,False,True,False,False,False,12.747319524941295,1617.5281189000002,56.459999999999994,True,False,slow_growth,False,True,False,False
glenroy,2,house,492.0,531,North Western Melbourne,23792.0,1655.0,68.0,5.9,60.0,977.35838,-37.70263,144.926707,4.0,54.0,6.0,low,False,True,False,False,False,12.747319524941295,1617.5281189000002,56.459999999999994,False,True,slow_growth,False,True,False,False
glenroy,3,flat,596.0,1208,North Western Melbourne,23792.0,1655.0,68.0,5.9,60.0,977.35838,-37.70263,144.926707,4.0,54.0,6.0,low,False,True,False,False,False,12.747319524941295,1617.5281189000002,56.459999999999994,True,False,slow_growth,False,True,False,False
glenroy,3,house,546.2,1807,North Western Melbourne,23792.0,1655.0,68.0,5.9,60.0,977.35838,-37.70263,144.926707,4.0,54.0,6.0,low,False,True,False,False,False,12.747319524941295,1617.5281189000002,56.459999999999994,False,True,slow_growth,False,True,False,False
glenroy,4,house,652.0,451,North Western Melbourne,23792.0,1655.0,68.0,5.9,60.0,977.35838,-37.70263,144.926707,4.0,54.0,6.0,low,False,True,False,False,False,12.747319524941295,1617.5281189000002,56.459999999999994,False,True,slow_growth,False,True,False,False
golden square,1,flat,294.0,67,Bendigo,9220.0,1344.0,47.6,4.0,58.7,946.5043876,-36.773827,144.252769,9.0,85.0,11.0,very_low,True,False,False,False,False,131.58812758256678,1272.1018969343997,56.352000000000004,True,False,moderate_growth,False,False,True,False
golden square,2,flat,375.0,271,Bendigo,9220.0,1344.0,47.6,4.0,58.7,946.5043876,-36.773827,144.252769,9.0,85.0,11.0,very_low,True,False,False,False,False,131.58812758256678,1272.1018969343997,56.352000000000004,True,False,moderate_growth,False,False,True,False
golden square,2,house,408.0,206,Bendigo,9220.0,1344.0,47.6,4.0,58.7,946.5043876,-36.773827,144.252769,9.0,85.0,11.0,very_low,True,False,False,False,False,131.58812758256678,1272.1018969343997,56.352000000000004,False,True,moderate_growth,False,False,True,False
golden square,3,flat,453.0,132,Bendigo,9220.0,1344.0,47.6,4.0,58.7,946.5043876,-36.773827,144.252769,9.0,85.0,11.0,very_low,True,False,False,False,False,131.58812758256678,1272.1018969343997,56.352000000000004,True,False,moderate_growth,False,False,True,False
golden square,3,house,462.0,1400,Bendigo,9220.0,1344.0,47.6,4.0,58.7,946.5043876,-36.773827,144.252769,9.0,85.0,11.0,very_low,True,False,False,False,False,131.58812758256678,1272.1018969343997,56.352000000000004,False,True,moderate_growth,False,False,True,False
golden square,4,house,540.0,397,Bendigo,9220.0,1344.0,47.6,4.0,58.7,946.5043876,-36.773827,144.252769,9.0,85.0,11.0,very_low,True,False,False,False,False,131.58812758256678,1272.1018969343997,56.352000000000004,False,True,moderate_growth,False,False,True,False
greensborough,1,flat,404.0,749,North Eastern Melbourne,21070.0,2075.0,64.6,4.0,65.0,1060.134884,-37.698742,145.107137,0.0,61.0,6.0,medium,False,False,True,False,False,17.984996472607428,2199.7798843,62.4,True,False,declining,True,False,False,False
greensborough,2,flat,478.0,2091,North Eastern Melbourne,21070.0,2075.0,64.6,4.0,65.0,1060.134884,-37.698742,145.107137,0.0,61.0,6.0,medium,False,False,True,False,False,17.984996472607428,2199.7798843,62.4,True,False,declining,True,False,False,False
greensborough,2,house,500.0,535,North Eastern Melbourne,21070.0,2075.0,64.6,4.0,65.0,1060.134884,-37.698742,145.107137,0.0,61.0,6.0,medium,False,False,True,False,False,17.984996472607428,2199.7798843,62.4,False,True,declining,True,False,False,False
greensborough,3,flat,578.0,956,North Eastern Melbourne,21070.0,2075.0,64.6,4.0,65.0,1060.134884,-37.698742,145.107137,0.0,61.0,6.0,medium,False,False,True,False,False,17.984996472607428,2199.7798843,62.4,True,False,declining,True,False,False,False
greensborough,3,house,560.0,3477,North Eastern Melbourne,21070.0,2075.0,64.6,4.0,65.0,1060.134884,-37.698742,145.107137,0.0,61.0,6.0,medium,False,False,True,False,False,17.984996472607428,2199.7798843,62.4,False,True,declining,True,False,False,False
greensborough,4,house,604.0,2620,North Eastern Melbourne,21070.0,2075.0,64.6,4.0,65.0,1060.134884,-37.698742,145.107137,0.0,61.0,6.0,medium,False,False,True,False,False,17.984996472607428,2199.7798843,62.4,False,True,declining,True,False,False,False
grovedale,1,flat,323.0,662,Geelong,14869.0,1477.0,53.4,4.4,59.2,971.7695733,-38.202796,144.331872,5.0,89.0,2.0,low,False,True,False,False,False,70.22342154675036,1435.3036597641,56.5952,True,False,slow_growth,False,True,False,False
grovedale,2,flat,425.0,1602,Geelong,14869.0,1477.0,53.4,4.4,59.2,971.7695733,-38.202796,144.331872,5.0,89.0,2.0,low,False,True,False,False,False,70.22342154675036,1435.3036597641,56.5952,True,False,slow_growth,False,True,False,False
grovedale,2,house,442.0,383,Geelong,14869.0,1477.0,53.4,4.4,59.2,971.7695733,-38.202796,144.331872,5.0,89.0,2.0,low,False,True,False,False,False,70.22342154675036,1435.3036597641,56.5952,False,True,slow_growth,False,True,False,False
grovedale,3,flat,492.6,581,Geelong,14869.0,1477.0,53.4,4.4,59.2,971.7695733,-38.202796,144.331872,5.0,89.0,2.0,low,False,True,False,False,False,70.22342154675036,1435.3036597641,56.5952,True,False,slow_growth,False,True,False,False
grovedale,3,house,490.0,3670,Geelong,14869.0,1477.0,53.4,4.4,59.2,971.7695733,-38.202796,144.331872,5.0,89.0,2.0,low,False,True,False,False,False,70.22342154675036,1435.3036597641,56.5952,False,True,slow_growth,False,True,False,False
grovedale,4,house,546.0,2666,Geelong,14869.0,1477.0,53.4,4.4,59.2,971.7695733,-38.202796,144.331872,5.0,89.0,2.0,low,False,True,False,False,False,70.22342154675036,1435.3036597641,56.5952,False,True,slow_growth,False,True,False,False
hamilton,1,flat,250.0,118,Other Regional Centres,10346.0,1247.0,43.4,3.1,56.0,944.3308359,-37.745828,142.017619,9.0,108.0,10.0,very_low,True,False,False,False,False,258.9635663131161,1177.5805523673,54.263999999999996,True,False,moderate_growth,False,False,True,False
hamilton,2,flat,302.6,181,Other Regional Centres,10346.0,1247.0,43.4,3.1,56.0,944.3308359,-37.745828,142.017619,9.0,108.0,10.0,very_low,True,False,False,False,False,258.9635663131161,1177.5805523673,54.263999999999996,True,False,moderate_growth,False,False,True,False
hamilton,2,house,326.6,127,Other Regional Centres,10346.0,1247.0,43.4,3.1,56.0,944.3308359,-37.745828,142.017619,9.0,108.0,10.0,very_low,True,False,False,False,False,258.9635663131161,1177.5805523673,54.263999999999996,False,True,moderate_growth,False,False,True,False
hamilton,3,house,379.6,461,Other Regional Centres,10346.0,1247.0,43.4,3.1,56.0,944.3308359,-37.745828,142.017619,9.0,108.0,10.0,very_low,True,False,False,False,False,258.9635663131161,1177.5805523673,54.263999999999996,False,True,moderate_growth,False,False,True,False
hamilton,4,house,454.0,109,Other Regional Centres,10346.0,1247.0,43.4,3.1,56.0,944.3308359,-37.745828,142.017619,9.0,108.0,10.0,very_low,True,False,False,False,False,258.9635663131161,1177.5805523673,54.263999999999996,False,True,moderate_growth,False,False,True,False
hampton,1,flat,469.0,553,Southern Melbourne,13518.0,2682.0,76.3,3.8,64.5,1131.704643,-37.937781,145.009174,-8.0,39.0,3.0,very_high,False,False,False,False,True,14.388284068182953,3035.2318525260002,62.049,True,False,declining,True,False,False,False
hampton,2,flat,628.6,1885,Southern Melbourne,13518.0,2682.0,76.3,3.8,64.5,1131.704643,-37.937781,145.009174,-8.0,39.0,3.0,very_high,False,False,False,False,True,14.388284068182953,3035.2318525260002,62.049,True,False,declining,True,False,False,False
hampton,2,house,637.6,182,Southern Melbourne,13518.0,2682.0,76.3,3.8,64.5,1131.704643,-37.937781,145.009174,-8.0,39.0,3.0,very_high,False,False,False,False,True,14.388284068182953,3035.2318525260002,62.049,False,True,declining,True,False,False,False
hampton,3,flat,896.0,510,Southern Melbourne,13518.0,2682.0,76.3,3.8,64.5,1131.704643,-37.937781,145.009174,-8.0,39.0,3.0,very_high,False,False,False,False,True,14.388284068182953,3035.2318525260002,62.049,True,False,declining,True,False,False,False
hampton,3,house,875.2,759,Southern Melbourne,13518.0,2682.0,76.3,3.8,64.5,1131.704643,-37.937781,145.009174,-8.0,39.0,3.0,very_high,False,False,False,False,True,14.388284068182953,3035.2318525260002,62.049,False,True,declining,True,False,False,False
hampton,4,house,1281.2,818,Southern Melbourne,13518.0,2682.0,76.3,3.8,64.5,1131.704643,-37.937781,145.009174,-8.0,39.0,3.0,very_high,False,False,False,False,True,14.388284068182953,3035.2318525260002,62.049,False,True,declining,True,False,False,False
hampton park,1,flat,365.6,106,South Eastern Melbourne,26082.0,1538.0,57.4,8.1,59.0,907.2245159,-38.038596,145.268604,4.0,89.0,4.0,very_low,True,False,False,False,False,36.65988395276368,1395.3113054542002,54.221000000000004,True,False,slow_growth,False,True,False,False
hampton park,2,flat,464.0,613,South Eastern Melbourne,26082.0,1538.0,57.4,8.1,59.0,907.2245159,-38.038596,145.268604,4.0,89.0,4.0,very_low,True,False,False,False,False,36.65988395276368,1395.3113054542002,54.221000000000004,True,False,slow_growth,False,True,False,False
hampton park,2,house,479.6,355,South Eastern Melbourne,26082.0,1538.0,57.4,8.1,59.0,907.2245159,-38.038596,145.268604,4.0,89.0,4.0,very_low,True,False,False,False,False,36.65988395276368,1395.3113054542002,54.221000000000004,False,True,slow_growth,False,True,False,False
hampton park,3,flat,524.6,548,South Eastern Melbourne,26082.0,1538.0,57.4,8.1,59.0,907.2245159,-38.038596,145.268604,4.0,89.0,4.0,very_low,True,False,False,False,False,36.65988395276368,1395.3113054542002,54.221000000000004,True,False,slow_growth,False,True,False,False
hampton park,3,house,537.0,4489,South Eastern Melbourne,26082.0,1538.0,57.4,8.1,59.0,907.2245159,-38.038596,145.268604,4.0,89.0,4.0,very_low,True,False,False,False,False,36.65988395276368,1395.3113054542002,54.221000000000004,False,True,slow_growth,False,True,False,False
hampton park,4,house,634.0,2651,South Eastern Melbourne,26082.0,1538.0,57.4,8.1,59.0,907.2245159,-38.038596,145.268604,4.0,89.0,4.0,very_low,True,False,False,False,False,36.65988395276368,1395.3113054542002,54.221000000000004,False,True,slow_growth,False,True,False,False
hastings,1,flat,356.0,180,Mornington Peninsula,10369.0,1197.0,41.9,4.5,51.2,907.3058212,-38.296778,145.184135,9.0,100.0,4.0,very_low,True,False,False,False,False,57.10622675967583,1086.0450679764,48.896,True,False,moderate_growth,False,False,True,False
hastings,2,flat,456.0,495,Mornington Peninsula,10369.0,1197.0,41.9,4.5,51.2,907.3058212,-38.296778,145.184135,9.0,100.0,4.0,very_low,True,False,False,False,False,57.10622675967583,1086.0450679764,48.896,True,False,moderate_growth,False,False,True,False
hastings,2,house,477.8,177,Mornington Peninsula,10369.0,1197.0,41.9,4.5,51.2,907.3058212,-38.296778,145.184135,9.0,100.0,4.0,very_low,True,False,False,False,False,57.10622675967583,1086.0450679764,48.896,False,True,moderate_growth,False,False,True,False
hastings,3,flat,537.0,295,Mornington Peninsula,10369.0,1197.0,41.9,4.5,51.2,907.3058212,-38.296778,145.184135,9.0,100.0,4.0,very_low,True,False,False,False,False,57.10622675967583,1086.0450679764,48.896,True,False,moderate_growth,False,False,True,False
hastings,3,house,573.0,1228,Mornington Peninsula,10369.0,1197.0,41.9,4.5,51.2,907.3058212,-38.296778,145.184135,9.0,100.0,4.0,very_low,True,False,False,False,False,57.10622675967583,1086.0450679764,48.896,False,True,moderate_growth,False,False,True,False
hastings,4,house,732.0,571,Mornington Peninsula,10369.0,1197.0,41.9,4.5,51.2,907.3058212,-38.296778,145.184135,9.0,100.0,4.0,very_low,True,False,False,False,False,57.10622675967583,1086.0450679764,48.896,False,True,moderate_growth,False,False,True,False
hawthorn,1,flat,431.0,2886,Inner Eastern Melbourne,22322.0,2145.0,86.0,4.7,70.6,1128.074772,-37.824755,145.032012,1.0,57.0,-1.0,very_high,False,False,False,False,True,6.1789003114809065,2419.72038594,67.28179999999999,True,False,slow_growth,False,True,False,False
hawthorn,2,flat,583.6,3646,Inner Eastern Melbourne,22322.0,2145.0,86.0,4.7,70.6,1128.074772,-37.824755,145.032012,1.0,57.0,-1.0,very_high,False,False,False,False,True,6.1789003114809065,2419.72038594,67.28179999999999,True,False,slow_growth,False,True,False,False
hawthorn,2,house,708.2,237,Inner Eastern Melbourne,22322.0,2145.0,86.0,4.7,70.6,1128.074772,-37.824755,145.032012,1.0,57.0,-1.0,very_high,False,False,False,False,True,6.1789003114809065,2419.72038594,67.28179999999999,False,True,slow_growth,False,True,False,False
hawthorn,3,flat,845.6,530,Inner Eastern Melbourne,22322.0,2145.0,86.0,4.7,70.6,1128.074772,-37.824755,145.032012,1.0,57.0,-1.0,very_high,False,False,False,False,True,6.1789003114809065,2419.72038594,67.28179999999999,True,False,slow_growth,False,True,False,False
hawthorn,3,house,928.0,368,Inner Eastern Melbourne,22322.0,2145.0,86.0,4.7,70.6,1128.074772,-37.824755,145.032012,1.0,57.0,-1.0,very_high,False,False,False,False,True,6.1789003114809065,2419.72038594,67.28179999999999,False,True,slow_growth,False,True,False,False
hawthorn,4,house,1340.0,191,Inner Eastern Melbourne,22322.0,2145.0,86.0,4.7,70.6,1128.074772,-37.824755,145.032012,1.0,57.0,-1.0,very_high,False,False,False,False,True,6.1789003114809065,2419.72038594,67.28179999999999,False,True,slow_growth,False,True,False,False
heidelberg,1,flat,444.0,1223,North Eastern Melbourne,7360.0,2012.0,76.6,4.2,66.4,1084.781365,-37.752505,145.06993,9.0,42.0,0.0,high,False,False,False,True,False,11.588461601501072,2182.5801063800004,63.611200000000004,True,False,moderate_growth,False,False,True,False
heidelberg,2,flat,534.0,2710,North Eastern Melbourne,7360.0,2012.0,76.6,4.2,66.4,1084.781365,-37.752505,145.06993,9.0,42.0,0.0,high,False,False,False,True,False,11.588461601501072,2182.5801063800004,63.611200000000004,True,False,moderate_growth,False,False,True,False
heidelberg,2,house,500.0,391,North Eastern Melbourne,7360.0,2012.0,76.6,4.2,66.4,1084.781365,-37.752505,145.06993,9.0,42.0,0.0,high,False,False,False,True,False,11.588461601501072,2182.5801063800004,63.611200000000004,False,True,moderate_growth,False,False,True,False
heidelberg,3,flat,641.0,835,North Eastern Melbourne,7360.0,2012.0,76.6,4.2,66.4,1084.781365,-37.752505,145.06993,9.0,42.0,0.0,high,False,False,False,True,False,11.588461601501072,2182.5801063800004,63.611200000000004,True,False,moderate_growth,False,False,True,False
heidelberg,3,house,600.0,1130,North Eastern Melbourne,7360.0,2012.0,76.6,4.2,66.4,1084.781365,-37.752505,145.06993,9.0,42.0,0.0,high,False,False,False,True,False,11.588461601501072,2182.5801063800004,63.611200000000004,False,True,moderate_growth,False,False,True,False
heidelberg,4,house,792.0,429,North Eastern Melbourne,7360.0,2012.0,76.6,4.2,66.4,1084.781365,-37.752505,145.06993,9.0,42.0,0.0,high,False,False,False,True,False,11.588461601501072,2182.5801063800004,63.611200000000004,False,True,moderate_growth,False,False,True,False
heidelberg west,1,flat,444.0,1223,North Eastern Melbourne,5252.0,1257.0,64.2,8.9,55.3,922.5778504,-37.738128,145.043607,1.0,40.0,11.0,very_low,True,False,False,False,False,10.976961376467695,1159.6803579527998,50.378299999999996,True,False,slow_growth,False,True,False,False
heidelberg west,2,flat,534.0,2710,North Eastern Melbourne,5252.0,1257.0,64.2,8.9,55.3,922.5778504,-37.738128,145.043607,1.0,40.0,11.0,very_low,True,False,False,False,False,10.976961376467695,1159.6803579527998,50.378299999999996,True,False,slow_growth,False,True,False,False
heidelberg west,2,house,500.0,391,North Eastern Melbourne,5252.0,1257.0,64.2,8.9,55.3,922.5778504,-37.738128,145.043607,1.0,40.0,11.0,very_low,True,False,False,False,False,10.976961376467695,1159.6803579527998,50.378299999999996,False,True,slow_growth,False,True,False,False
heidelberg west,3,flat,641.0,835,North Eastern Melbourne,5252.0,1257.0,64.2,8.9,55.3,922.5778504,-37.738128,145.043607,1.0,40.0,11.0,very_low,True,False,False,False,False,10.976961376467695,1159.6803579527998,50.378299999999996,True,False,slow_growth,False,True,False,False
heidelberg west,3,house,600.0,1130,North Eastern Melbourne,5252.0,1257.0,64.2,8.9,55.3,922.5778504,-37.738128,145.043607,1.0,40.0,11.0,very_low,True,False,False,False,False,10.976961376467695,1159.6803579527998,50.378299999999996,False,True,slow_growth,False,True,False,False
heidelberg west,4,house,792.0,429,North Eastern Melbourne,5252.0,1257.0,64.2,8.9,55.3,922.5778504,-37.738128,145.043607,1.0,40.0,11.0,very_low,True,False,False,False,False,10.976961376467695,1159.6803579527998,50.378299999999996,False,True,slow_growth,False,True,False,False
herne hill,1,flat,332.6,615,Geelong,3507.0,1420.0,59.5,3.9,68.8,983.5886902,-38.134254,144.324067,10.0,105.0,1.0,low,False,True,False,False,False,66.39873485069496,1396.6959400839999,66.1168,True,False,moderate_growth,False,False,True,False
herne hill,2,flat,404.0,658,Geelong,3507.0,1420.0,59.5,3.9,68.8,983.5886902,-38.134254,144.324067,10.0,105.0,1.0,low,False,True,False,False,False,66.39873485069496,1396.6959400839999,66.1168,True,False,moderate_growth,False,False,True,False
herne hill,2,house,457.0,337,Geelong,3507.0,1420.0,59.5,3.9,68.8,983.5886902,-38.134254,144.324067,10.0,105.0,1.0,low,False,True,False,False,False,66.39873485069496,1396.6959400839999,66.1168,False,True,moderate_growth,False,False,True,False
herne hill,3,flat,560.0,198,Geelong,3507.0,1420.0,59.5,3.9,68.8,983.5886902,-38.134254,144.324067,10.0,105.0,1.0,low,False,True,False,False,False,66.39873485069496,1396.6959400839999,66.1168,True,False,moderate_growth,False,False,True,False
herne hill,3,house,508.0,1155,Geelong,3507.0,1420.0,59.5,3.9,68.8,983.5886902,-38.134254,144.324067,10.0,105.0,1.0,low,False,True,False,False,False,66.39873485069496,1396.6959400839999,66.1168,False,True,moderate_growth,False,False,True,False
herne hill,4,house,642.0,454,Geelong,3507.0,1420.0,59.5,3.9,68.8,983.5886902,-38.134254,144.324067,10.0,105.0,1.0,low,False,True,False,False,False,66.39873485069496,1396.6959400839999,66.1168,False,True,moderate_growth,False,False,True,False
hoppers crossing,1,flat,346.0,359,Outer Western Melbourne,37216.0,1580.0,56.8,7.5,59.8,945.0877614,-37.866669,144.695045,8.0,83.0,5.0,very_low,True,False,False,False,False,24.26722686325788,1493.238663012,55.315,True,False,moderate_growth,False,False,True,False
hoppers crossing,2,flat,405.0,2544,Outer Western Melbourne,37216.0,1580.0,56.8,7.5,59.8,945.0877614,-37.866669,144.695045,8.0,83.0,5.0,very_low,True,False,False,False,False,24.26722686325788,1493.238663012,55.315,True,False,moderate_growth,False,False,True,False
hoppers crossing,2,house,420.0,821,Outer Western Melbourne,37216.0,1580.0,56.8,7.5,59.8,945.0877614,-37.866669,144.695045,8.0,83.0,5.0,very_low,True,False,False,False,False,24.26722686325788,1493.238663012,55.315,False,True,moderate_growth,False,False,True,False
hoppers crossing,3,flat,454.0,1661,Outer Western Melbourne,37216.0,1580.0,56.8,7.5,59.8,945.0877614,-37.866669,144.695045,8.0,83.0,5.0,very_low,True,False,False,False,False,24.26722686325788,1493.238663012,55.315,True,False,moderate_growth,False,False,True,False
hoppers crossing,3,house,466.0,16518,Outer Western Melbourne,37216.0,1580.0,56.8,7.5,59.8,945.0877614,-37.866669,144.695045,8.0,83.0,5.0,very_low,True,False,False,False,False,24.26722686325788,1493.238663012,55.315,False,True,moderate_growth,False,False,True,False
hoppers crossing,4,house,529.0,26583,Outer Western Melbourne,37216.0,1580.0,56.8,7.5,59.8,945.0877614,-37.866669,144.695045,8.0,83.0,5.0,very_low,True,False,False,False,False,24.26722686325788,1493.238663012,55.315,False,True,moderate_growth,False,False,True,False
horsham,1,flat,296.6,145,Other Regional Centres,15134.0,1294.0,43.1,3.6,58.4,938.3865308,-36.718911,142.196235,16.0,85.0,-1.0,very_low,True,False,False,False,False,273.4174477203257,1214.2721708551999,56.297599999999996,True,False,strong_growth,False,False,False,True
horsham,2,flat,308.0,509,Other Regional Centres,15134.0,1294.0,43.1,3.6,58.4,938.3865308,-36.718911,142.196235,16.0,85.0,-1.0,very_low,True,False,False,False,False,273.4174477203257,1214.2721708551999,56.297599999999996,True,False,strong_growth,False,False,False,True
horsham,2,house,348.0,219,Other Regional Centres,15134.0,1294.0,43.1,3.6,58.4,938.3865308,-36.718911,142.196235,16.0,85.0,-1.0,very_low,True,False,False,False,False,273.4174477203257,1214.2721708551999,56.297599999999996,False,True,strong_growth,False,False,False,True
horsham,3,flat,401.0,192,Other Regional Centres,15134.0,1294.0,43.1,3.6,58.4,938.3865308,-36.718911,142.196235,16.0,85.0,-1.0,very_low,True,False,False,False,False,273.4174477203257,1214.2721708551999,56.297599999999996,True,False,strong_growth,False,False,False,True
horsham,3,house,407.0,1248,Other Regional Centres,15134.0,1294.0,43.1,3.6,58.4,938.3865308,-36.718911,142.196235,16.0,85.0,-1.0,very_low,True,False,False,False,False,273.4174477203257,1214.2721708551999,56.297599999999996,False,True,strong_growth,False,False,False,True
horsham,4,house,501.6,268,Other Regional Centres,15134.0,1294.0,43.1,3.6,58.4,938.3865308,-36.718911,142.196235,16.0,85.0,-1.0,very_low,True,False,False,False,False,273.4174477203257,1214.2721708551999,56.297599999999996,False,True,strong_growth,False,False,False,True
hughesdale,1,flat,394.0,983,Southern Melbourne,7563.0,2057.0,74.8,4.2,68.6,1073.015769,-37.899467,145.081142,8.0,31.0,-4.0,high,False,False,False,True,False,14.091246825183562,2207.1934368330003,65.71879999999999,True,False,moderate_growth,False,False,True,False
hughesdale,2,flat,552.8,1304,Southern Melbourne,7563.0,2057.0,74.8,4.2,68.6,1073.015769,-37.899467,145.081142,8.0,31.0,-4.0,high,False,False,False,True,False,14.091246825183562,2207.1934368330003,65.71879999999999,True,False,moderate_growth,False,False,True,False
hughesdale,2,house,564.0,97,Southern Melbourne,7563.0,2057.0,74.8,4.2,68.6,1073.015769,-37.899467,145.081142,8.0,31.0,-4.0,high,False,False,False,True,False,14.091246825183562,2207.1934368330003,65.71879999999999,False,True,moderate_growth,False,False,True,False
hughesdale,3,flat,689.2,347,Southern Melbourne,7563.0,2057.0,74.8,4.2,68.6,1073.015769,-37.899467,145.081142,8.0,31.0,-4.0,high,False,False,False,True,False,14.091246825183562,2207.1934368330003,65.71879999999999,True,False,moderate_growth,False,False,True,False
hughesdale,3,house,724.6,365,Southern Melbourne,7563.0,2057.0,74.8,4.2,68.6,1073.015769,-37.899467,145.081142,8.0,31.0,-4.0,high,False,False,False,True,False,14.091246825183562,2207.1934368330003,65.71879999999999,False,True,moderate_growth,False,False,True,False
hughesdale,4,house,982.0,242,Southern Melbourne,7563.0,2057.0,74.8,4.2,68.6,1073.015769,-37.899467,145.081142,8.0,31.0,-4.0,high,False,False,False,True,False,14.091246825183562,2207.1934368330003,65.71879999999999,False,True,moderate_growth,False,False,True,False
hurstbridge,1,flat,404.0,749,North Eastern Melbourne,3554.0,2168.0,62.1,3.8,69.6,1048.459988,-37.637567,145.194343,5.0,77.0,0.0,medium,False,False,True,False,False,28.22699672384607,2273.061253984,66.95519999999999,True,False,slow_growth,False,True,False,False
hurstbridge,2,flat,478.0,2091,North Eastern Melbourne,3554.0,2168.0,62.1,3.8,69.6,1048.459988,-37.637567,145.194343,5.0,77.0,0.0,medium,False,False,True,False,False,28.22699672384607,2273.061253984,66.95519999999999,True,False,slow_growth,False,True,False,False
hurstbridge,2,house,500.0,535,North Eastern Melbourne,3554.0,2168.0,62.1,3.8,69.6,1048.459988,-37.637567,145.194343,5.0,77.0,0.0,medium,False,False,True,False,False,28.22699672384607,2273.061253984,66.95519999999999,False,True,slow_growth,False,True,False,False
hurstbridge,3,flat,578.0,956,North Eastern Melbourne,3554.0,2168.0,62.1,3.8,69.6,1048.459988,-37.637567,145.194343,5.0,77.0,0.0,medium,False,False,True,False,False,28.22699672384607,2273.061253984,66.95519999999999,True,False,slow_growth,False,True,False,False
hurstbridge,3,house,560.0,3477,North Eastern Melbourne,3554.0,2168.0,62.1,3.8,69.6,1048.459988,-37.637567,145.194343,5.0,77.0,0.0,medium,False,False,True,False,False,28.22699672384607,2273.061253984,66.95519999999999,False,True,slow_growth,False,True,False,False
hurstbridge,4,house,604.0,2620,North Eastern Melbourne,3554.0,2168.0,62.1,3.8,69.6,1048.459988,-37.637567,145.194343,5.0,77.0,0.0,medium,False,False,True,False,False,28.22699672384607,2273.061253984,66.95519999999999,False,True,slow_growth,False,True,False,False
ivanhoe,1,flat,488.0,945,North Eastern Melbourne,13374.0,2232.0,77.7,3.6,66.7,1113.498916,-37.767884,145.043685,10.0,79.0,-2.0,very_high,False,False,False,False,True,8.716879519083294,2485.329580512,64.2988,True,False,moderate_growth,False,False,True,False
ivanhoe,2,flat,577.0,1801,North Eastern Melbourne,13374.0,2232.0,77.7,3.6,66.7,1113.498916,-37.767884,145.043685,10.0,79.0,-2.0,very_high,False,False,False,False,True,8.716879519083294,2485.329580512,64.2988,True,False,moderate_growth,False,False,True,False
ivanhoe,2,house,582.6,85,North Eastern Melbourne,13374.0,2232.0,77.7,3.6,66.7,1113.498916,-37.767884,145.043685,10.0,79.0,-2.0,very_high,False,False,False,False,True,8.716879519083294,2485.329580512,64.2988,False,True,moderate_growth,False,False,True,False
ivanhoe,3,flat,716.0,347,North Eastern Melbourne,13374.0,2232.0,77.7,3.6,66.7,1113.498916,-37.767884,145.043685,10.0,79.0,-2.0,very_high,False,False,False,False,True,8.716879519083294,2485.329580512,64.2988,True,False,moderate_growth,False,False,True,False
ivanhoe,3,house,726.6,307,North Eastern Melbourne,13374.0,2232.0,77.7,3.6,66.7,1113.498916,-37.767884,145.043685,10.0,79.0,-2.0,very_high,False,False,False,False,True,8.716879519083294,2485.329580512,64.2988,False,True,moderate_growth,False,False,True,False
ivanhoe,4,house,990.0,183,North Eastern Melbourne,13374.0,2232.0,77.7,3.6,66.7,1113.498916,-37.767884,145.043685,10.0,79.0,-2.0,very_high,False,False,False,False,True,8.716879519083294,2485.329580512,64.2988,False,True,moderate_growth,False,False,True,False
ivanhoe east,1,flat,488.0,945,North Eastern Melbourne,3762.0,2977.0,79.1,3.4,66.5,1149.868757,-37.77339,145.061962,-5.0,56.0,-28.0,very_high,False,False,False,False,True,9.77002607655584,3423.159289589,64.239,True,False,declining,True,False,False,False
ivanhoe east,2,flat,577.0,1801,North Eastern Melbourne,3762.0,2977.0,79.1,3.4,66.5,1149.868757,-37.77339,145.061962,-5.0,56.0,-28.0,very_high,False,False,False,False,True,9.77002607655584,3423.159289589,64.239,True,False,declining,True,False,False,False
ivanhoe east,2,house,582.6,85,North Eastern Melbourne,3762.0,2977.0,79.1,3.4,66.5,1149.868757,-37.77339,145.061962,-5.0,56.0,-28.0,very_high,False,False,False,False,True,9.77002607655584,3423.159289589,64.239,False,True,declining,True,False,False,False
ivanhoe east,3,flat,716.0,347,North Eastern Melbourne,3762.0,2977.0,79.1,3.4,66.5,1149.868757,-37.77339,145.061962,-5.0,56.0,-28.0,very_high,False,False,False,False,True,9.77002607655584,3423.159289589,64.239,True,False,declining,True,False,False,False
ivanhoe east,3,house,726.6,307,North Eastern Melbourne,3762.0,2977.0,79.1,3.4,66.5,1149.868757,-37.77339,145.061962,-5.0,56.0,-28.0,very_high,False,False,False,False,True,9.77002607655584,3423.159289589,64.239,False,True,declining,True,False,False,False
ivanhoe east,4,house,990.0,183,North Eastern Melbourne,3762.0,2977.0,79.1,3.4,66.5,1149.868757,-37.77339,145.061962,-5.0,56.0,-28.0,very_high,False,False,False,False,True,9.77002607655584,3423.159289589,64.239,False,True,declining,True,False,False,False
kangaroo flat,1,flat,294.0,67,Bendigo,11328.0,1144.0,40.7,4.3,50.5,899.5519455,-36.806533,144.241853,8.0,90.0,24.0,very_low,True,False,False,False,False,128.87297194865226,1029.087425652,48.3285,True,False,moderate_growth,False,False,True,False
kangaroo flat,2,flat,375.0,271,Bendigo,11328.0,1144.0,40.7,4.3,50.5,899.5519455,-36.806533,144.241853,8.0,90.0,24.0,very_low,True,False,False,False,False,128.87297194865226,1029.087425652,48.3285,True,False,moderate_growth,False,False,True,False
kangaroo flat,2,house,408.0,206,Bendigo,11328.0,1144.0,40.7,4.3,50.5,899.5519455,-36.806533,144.241853,8.0,90.0,24.0,very_low,True,False,False,False,False,128.87297194865226,1029.087425652,48.3285,False,True,moderate_growth,False,False,True,False
kangaroo flat,3,flat,453.0,132,Bendigo,11328.0,1144.0,40.7,4.3,50.5,899.5519455,-36.806533,144.241853,8.0,90.0,24.0,very_low,True,False,False,False,False,128.87297194865226,1029.087425652,48.3285,True,False,moderate_growth,False,False,True,False
kangaroo flat,3,house,462.0,1400,Bendigo,11328.0,1144.0,40.7,4.3,50.5,899.5519455,-36.806533,144.241853,8.0,90.0,24.0,very_low,True,False,False,False,False,128.87297194865226,1029.087425652,48.3285,False,True,moderate_growth,False,False,True,False
kangaroo flat,4,house,540.0,397,Bendigo,11328.0,1144.0,40.7,4.3,50.5,899.5519455,-36.806533,144.241853,8.0,90.0,24.0,very_low,True,False,False,False,False,128.87297194865226,1029.087425652,48.3285,False,True,moderate_growth,False,False,True,False
keilor,3,house,570.0,54,North Western Melbourne,5906.0,2046.0,60.3,3.6,61.0,1060.46527,-37.708389,144.828139,2.0,62.0,-10.0,medium,False,False,True,False,False,16.661981905217242,2169.7119424199996,58.803999999999995,False,True,slow_growth,False,True,False,False
keilor,4,house,708.0,73,North Western Melbourne,5906.0,2046.0,60.3,3.6,61.0,1060.46527,-37.708389,144.828139,2.0,62.0,-10.0,medium,False,False,True,False,False,16.661981905217242,2169.7119424199996,58.803999999999995,False,True,slow_growth,False,True,False,False
keilor east,1,flat,448.0,854,Outer Western Melbourne,15078.0,1911.0,59.6,4.5,58.8,1031.332274,-37.739389,144.85762,-3.0,58.0,-4.0,medium,False,False,True,False,False,12.411152357471433,1970.875975614,56.153999999999996,True,False,declining,True,False,False,False
keilor east,2,flat,512.6,1767,Outer Western Melbourne,15078.0,1911.0,59.6,4.5,58.8,1031.332274,-37.739389,144.85762,-3.0,58.0,-4.0,medium,False,False,True,False,False,12.411152357471433,1970.875975614,56.153999999999996,True,False,declining,True,False,False,False
keilor east,2,house,506.0,165,Outer Western Melbourne,15078.0,1911.0,59.6,4.5,58.8,1031.332274,-37.739389,144.85762,-3.0,58.0,-4.0,medium,False,False,True,False,False,12.411152357471433,1970.875975614,56.153999999999996,False,True,declining,True,False,False,False
keilor east,3,flat,608.6,534,Outer Western Melbourne,15078.0,1911.0,59.6,4.5,58.8,1031.332274,-37.739389,144.85762,-3.0,58.0,-4.0,medium,False,False,True,False,False,12.411152357471433,1970.875975614,56.153999999999996,True,False,declining,True,False,False,False
keilor east,3,house,564.0,1354,Outer Western Melbourne,15078.0,1911.0,59.6,4.5,58.8,1031.332274,-37.739389,144.85762,-3.0,58.0,-4.0,medium,False,False,True,False,False,12.411152357471433,1970.875975614,56.153999999999996,False,True,declining,True,False,False,False
keilor east,4,house,748.6,451,Outer Western Melbourne,15078.0,1911.0,59.6,4.5,58.8,1031.332274,-37.739389,144.85762,-3.0,58.0,-4.0,medium,False,False,True,False,False,12.411152357471433,1970.875975614,56.153999999999996,False,True,declining,True,False,False,False
kensington,1,flat,429.4,2961,Inner Melbourne,10745.0,2216.0,83.8,4.3,74.7,1097.048049,-37.794302,144.927033,3.0,37.0,-11.0,high,False,False,False,True,False,3.8269338989220465,2431.058476584,71.4879,True,False,slow_growth,False,True,False,False
kensington,2,flat,536.0,3121,Inner Melbourne,10745.0,2216.0,83.8,4.3,74.7,1097.048049,-37.794302,144.927033,3.0,37.0,-11.0,high,False,False,False,True,False,3.8269338989220465,2431.058476584,71.4879,True,False,slow_growth,False,True,False,False
kensington,2,house,618.0,786,Inner Melbourne,10745.0,2216.0,83.8,4.3,74.7,1097.048049,-37.794302,144.927033,3.0,37.0,-11.0,high,False,False,False,True,False,3.8269338989220465,2431.058476584,71.4879,False,True,slow_growth,False,True,False,False
kensington,3,flat,793.0,303,Inner Melbourne,10745.0,2216.0,83.8,4.3,74.7,1097.048049,-37.794302,144.927033,3.0,37.0,-11.0,high,False,False,False,True,False,3.8269338989220465,2431.058476584,71.4879,True,False,slow_growth,False,True,False,False
kensington,3,house,752.0,650,Inner Melbourne,10745.0,2216.0,83.8,4.3,74.7,1097.048049,-37.794302,144.927033,3.0,37.0,-11.0,high,False,False,False,True,False,3.8269338989220465,2431.058476584,71.4879,False,True,slow_growth,False,True,False,False
kensington,4,house,939.6,157,Inner Melbourne,10745.0,2216.0,83.8,4.3,74.7,1097.048049,-37.794302,144.927033,3.0,37.0,-11.0,high,False,False,False,True,False,3.8269338989220465,2431.058476584,71.4879,False,True,slow_growth,False,True,False,False
kew,1,flat,466.0,309,Inner Eastern Melbourne,24499.0,2497.0,81.9,3.9,63.6,1133.930365,-37.803448,145.033173,-1.0,34.0,2.0,very_high,False,False,False,False,True,6.258634586780037,2831.424121405,61.1196,True,False,declining,True,False,False,False
kew,2,flat,559.2,1855,Inner Eastern Melbourne,24499.0,2497.0,81.9,3.9,63.6,1133.930365,-37.803448,145.033173,-1.0,34.0,2.0,very_high,False,False,False,False,True,6.258634586780037,2831.424121405,61.1196,True,False,declining,True,False,False,False
kew,2,house,687.6,169,Inner Eastern Melbourne,24499.0,2497.0,81.9,3.9,63.6,1133.930365,-37.803448,145.033173,-1.0,34.0,2.0,very_high,False,False,False,False,True,6.258634586780037,2831.424121405,61.1196,False,True,declining,True,False,False,False
kew,3,flat,828.6,692,Inner Eastern Melbourne,24499.0,2497.0,81.9,3.9,63.6,1133.930365,-37.803448,145.033173,-1.0,34.0,2.0,very_high,False,False,False,False,True,6.258634586780037,2831.424121405,61.1196,True,False,declining,True,False,False,False
kew,3,house,834.0,569,Inner Eastern Melbourne,24499.0,2497.0,81.9,3.9,63.6,1133.930365,-37.803448,145.033173,-1.0,34.0,2.0,very_high,False,False,False,False,True,6.258634586780037,2831.424121405,61.1196,False,True,declining,True,False,False,False
kew,4,house,1258.2,573,Inner Eastern Melbourne,24499.0,2497.0,81.9,3.9,63.6,1133.930365,-37.803448,145.033173,-1.0,34.0,2.0,very_high,False,False,False,False,True,6.258634586780037,2831.424121405,61.1196,False,True,declining,True,False,False,False
lalor,1,flat,365.0,105,North Eastern Melbourne,23219.0,1348.0,56.5,7.5,51.6,918.4426271,-37.666771,145.012809,9.0,71.0,10.0,very_low,True,False,False,False,False,16.901627944607654,1238.0606613308,47.730000000000004,True,False,moderate_growth,False,False,True,False
lalor,2,flat,444.0,965,North Eastern Melbourne,23219.0,1348.0,56.5,7.5,51.6,918.4426271,-37.666771,145.012809,9.0,71.0,10.0,very_low,True,False,False,False,False,16.901627944607654,1238.0606613308,47.730000000000004,True,False,moderate_growth,False,False,True,False
lalor,2,house,454.0,158,North Eastern Melbourne,23219.0,1348.0,56.5,7.5,51.6,918.4426271,-37.666771,145.012809,9.0,71.0,10.0,very_low,True,False,False,False,False,16.901627944607654,1238.0606613308,47.730000000000004,False,True,moderate_growth,False,False,True,False
lalor,3,flat,500.0,400,North Eastern Melbourne,23219.0,1348.0,56.5,7.5,51.6,918.4426271,-37.666771,145.012809,9.0,71.0,10.0,very_low,True,False,False,False,False,16.901627944607654,1238.0606613308,47.730000000000004,True,False,moderate_growth,False,False,True,False
lalor,3,house,502.0,2217,North Eastern Melbourne,23219.0,1348.0,56.5,7.5,51.6,918.4426271,-37.666771,145.012809,9.0,71.0,10.0,very_low,True,False,False,False,False,16.901627944607654,1238.0606613308,47.730000000000004,False,True,moderate_growth,False,False,True,False
lalor,4,house,580.0,391,North Eastern Melbourne,23219.0,1348.0,56.5,7.5,51.6,918.4426271,-37.666771,145.012809,9.0,71.0,10.0,very_low,True,False,False,False,False,16.901627944607654,1238.0606613308,47.730000000000004,False,True,moderate_growth,False,False,True,False
lara,2,flat,406.0,165,Geelong,19014.0,1969.0,49.7,4.1,61.8,991.9308666,-38.004738,144.401918,-1.0,97.0,12.0,low,False,True,False,False,False,53.624683840007194,1953.1118763354,59.2662,True,False,declining,True,False,False,False
lara,2,house,416.0,90,Geelong,19014.0,1969.0,49.7,4.1,61.8,991.9308666,-38.004738,144.401918,-1.0,97.0,12.0,low,False,True,False,False,False,53.624683840007194,1953.1118763354,59.2662,False,True,declining,True,False,False,False
lara,3,flat,464.0,139,Geelong,19014.0,1969.0,49.7,4.1,61.8,991.9308666,-38.004738,144.401918,-1.0,97.0,12.0,low,False,True,False,False,False,53.624683840007194,1953.1118763354,59.2662,True,False,declining,True,False,False,False
lara,3,house,489.6,790,Geelong,19014.0,1969.0,49.7,4.1,61.8,991.9308666,-38.004738,144.401918,-1.0,97.0,12.0,low,False,True,False,False,False,53.624683840007194,1953.1118763354,59.2662,False,True,declining,True,False,False,False
lara,4,house,580.0,1375,Geelong,19014.0,1969.0,49.7,4.1,61.8,991.9308666,-38.004738,144.401918,-1.0,97.0,12.0,low,False,True,False,False,False,53.624683840007194,1953.1118763354,59.2662,False,True,declining,True,False,False,False
lilydale,1,flat,343.0,291,Outer Eastern Melbourne,17348.0,1764.0,53.5,3.4,64.6,1006.167317,-37.75565,145.367809,7.0,73.0,2.0,low,False,True,False,False,False,36.14462106225392,1774.8791471880002,62.40359999999999,True,False,moderate_growth,False,False,True,False
lilydale,2,flat,493.0,1782,Outer Eastern Melbourne,17348.0,1764.0,53.5,3.4,64.6,1006.167317,-37.75565,145.367809,7.0,73.0,2.0,low,False,True,False,False,False,36.14462106225392,1774.8791471880002,62.40359999999999,True,False,moderate_growth,False,False,True,False
lilydale,2,house,510.8,515,Outer Eastern Melbourne,17348.0,1764.0,53.5,3.4,64.6,1006.167317,-37.75565,145.367809,7.0,73.0,2.0,low,False,True,False,False,False,36.14462106225392,1774.8791471880002,62.40359999999999,False,True,moderate_growth,False,False,True,False
lilydale,3,flat,606.0,1338,Outer Eastern Melbourne,17348.0,1764.0,53.5,3.4,64.6,1006.167317,-37.75565,145.367809,7.0,73.0,2.0,low,False,True,False,False,False,36.14462106225392,1774.8791471880002,62.40359999999999,True,False,moderate_growth,False,False,True,False
lilydale,3,house,589.4,3116,Outer Eastern Melbourne,17348.0,1764.0,53.5,3.4,64.6,1006.167317,-37.75565,145.367809,7.0,73.0,2.0,low,False,True,False,False,False,36.14462106225392,1774.8791471880002,62.40359999999999,False,True,moderate_growth,False,False,True,False
lilydale,4,house,709.8,1206,Outer Eastern Melbourne,17348.0,1764.0,53.5,3.4,64.6,1006.167317,-37.75565,145.367809,7.0,73.0,2.0,low,False,True,False,False,False,36.14462106225392,1774.8791471880002,62.40359999999999,False,True,moderate_growth,False,False,True,False
maffra,1,flat,256.2,234,Other Regional Centres,5384.0,1285.0,40.6,3.8,55.1,929.0404477,-37.957488,146.991479,4.0,95.0,7.0,very_low,True,False,False,False,False,178.72323913456543,1193.8169752944998,53.0062,True,False,slow_growth,False,True,False,False
maffra,2,flat,360.0,662,Other Regional Centres,5384.0,1285.0,40.6,3.8,55.1,929.0404477,-37.957488,146.991479,4.0,95.0,7.0,very_low,True,False,False,False,False,178.72323913456543,1193.8169752944998,53.0062,True,False,slow_growth,False,True,False,False
maffra,2,house,390.0,251,Other Regional Centres,5384.0,1285.0,40.6,3.8,55.1,929.0404477,-37.957488,146.991479,4.0,95.0,7.0,very_low,True,False,False,False,False,178.72323913456543,1193.8169752944998,53.0062,False,True,slow_growth,False,True,False,False
maffra,3,flat,458.0,174,Other Regional Centres,5384.0,1285.0,40.6,3.8,55.1,929.0404477,-37.957488,146.991479,4.0,95.0,7.0,very_low,True,False,False,False,False,178.72323913456543,1193.8169752944998,53.0062,True,False,slow_growth,False,True,False,False
maffra,3,house,446.0,1292,Other Regional Centres,5384.0,1285.0,40.6,3.8,55.1,929.0404477,-37.957488,146.991479,4.0,95.0,7.0,very_low,True,False,False,False,False,178.72323913456543,1193.8169752944998,53.0062,False,True,slow_growth,False,True,False,False
maffra,4,house,534.6,801,Other Regional Centres,5384.0,1285.0,40.6,3.8,55.1,929.0404477,-37.957488,146.991479,4.0,95.0,7.0,very_low,True,False,False,False,False,178.72323913456543,1193.8169752944998,53.0062,False,True,slow_growth,False,True,False,False
malvern,1,flat,448.0,466,Southern Melbourne,9929.0,2606.0,82.1,3.8,63.4,1145.405728,-37.856793,145.034976,-17.0,24.0,-11.0,very_high,False,False,False,False,True,7.931578482527206,2984.927327168,60.99079999999999,True,False,declining,True,False,False,False
malvern,2,flat,589.6,759,Southern Melbourne,9929.0,2606.0,82.1,3.8,63.4,1145.405728,-37.856793,145.034976,-17.0,24.0,-11.0,very_high,False,False,False,False,True,7.931578482527206,2984.927327168,60.99079999999999,True,False,declining,True,False,False,False
malvern,2,house,790.2,77,Southern Melbourne,9929.0,2606.0,82.1,3.8,63.4,1145.405728,-37.856793,145.034976,-17.0,24.0,-11.0,very_high,False,False,False,False,True,7.931578482527206,2984.927327168,60.99079999999999,False,True,declining,True,False,False,False
malvern,3,flat,869.6,208,Southern Melbourne,9929.0,2606.0,82.1,3.8,63.4,1145.405728,-37.856793,145.034976,-17.0,24.0,-11.0,very_high,False,False,False,False,True,7.931578482527206,2984.927327168,60.99079999999999,True,False,declining,True,False,False,False
malvern,3,house,1015.0,234,Southern Melbourne,9929.0,2606.0,82.1,3.8,63.4,1145.405728,-37.856793,145.034976,-17.0,24.0,-11.0,very_high,False,False,False,False,True,7.931578482527206,2984.927327168,60.99079999999999,False,True,declining,True,False,False,False
malvern,4,house,1415.6,117,Southern Melbourne,9929.0,2606.0,82.1,3.8,63.4,1145.405728,-37.856793,145.034976,-17.0,24.0,-11.0,very_high,False,False,False,False,True,7.931578482527206,2984.927327168,60.99079999999999,False,True,declining,True,False,False,False
malvern east,1,flat,470.0,979,Southern Melbourne,22296.0,2383.0,80.4,5.1,67.1,1127.94634,-37.876624,145.065422,5.0,35.0,1.0,very_high,False,False,False,False,True,11.394522094776818,2687.89612822,63.677899999999994,True,False,slow_growth,False,True,False,False
malvern east,2,flat,593.0,1905,Southern Melbourne,22296.0,2383.0,80.4,5.1,67.1,1127.94634,-37.876624,145.065422,5.0,35.0,1.0,very_high,False,False,False,False,True,11.394522094776818,2687.89612822,63.677899999999994,True,False,slow_growth,False,True,False,False
malvern east,2,house,640.2,119,Southern Melbourne,22296.0,2383.0,80.4,5.1,67.1,1127.94634,-37.876624,145.065422,5.0,35.0,1.0,very_high,False,False,False,False,True,11.394522094776818,2687.89612822,63.677899999999994,False,True,slow_growth,False,True,False,False
malvern east,3,flat,796.2,380,Southern Melbourne,22296.0,2383.0,80.4,5.1,67.1,1127.94634,-37.876624,145.065422,5.0,35.0,1.0,very_high,False,False,False,False,True,11.394522094776818,2687.89612822,63.677899999999994,True,False,slow_growth,False,True,False,False
malvern east,3,house,762.0,551,Southern Melbourne,22296.0,2383.0,80.4,5.1,67.1,1127.94634,-37.876624,145.065422,5.0,35.0,1.0,very_high,False,False,False,False,True,11.394522094776818,2687.89612822,63.677899999999994,False,True,slow_growth,False,True,False,False
malvern east,4,house,1154.0,336,Southern Melbourne,22296.0,2383.0,80.4,5.1,67.1,1127.94634,-37.876624,145.065422,5.0,35.0,1.0,very_high,False,False,False,False,True,11.394522094776818,2687.89612822,63.677899999999994,False,True,slow_growth,False,True,False,False
melton,1,flat,357.8,186,Outer Western Melbourne,7953.0,1058.0,43.3,9.6,45.6,844.828288,-37.675613,144.611818,12.0,106.0,5.0,very_low,True,False,False,False,False,34.4882338176574,893.8283287040001,41.2224,True,False,strong_growth,False,False,False,True
melton,2,flat,352.2,466,Outer Western Melbourne,7953.0,1058.0,43.3,9.6,45.6,844.828288,-37.675613,144.611818,12.0,106.0,5.0,very_low,True,False,False,False,False,34.4882338176574,893.8283287040001,41.2224,True,False,strong_growth,False,False,False,True
melton,2,house,379.0,252,Outer Western Melbourne,7953.0,1058.0,43.3,9.6,45.6,844.828288,-37.675613,144.611818,12.0,106.0,5.0,very_low,True,False,False,False,False,34.4882338176574,893.8283287040001,41.2224,False,True,strong_growth,False,False,False,True
melton,3,flat,395.0,533,Outer Western Melbourne,7953.0,1058.0,43.3,9.6,45.6,844.828288,-37.675613,144.611818,12.0,106.0,5.0,very_low,True,False,False,False,False,34.4882338176574,893.8283287040001,41.2224,True,False,strong_growth,False,False,False,True
melton,3,house,418.0,6046,Outer Western Melbourne,7953.0,1058.0,43.3,9.6,45.6,844.828288,-37.675613,144.611818,12.0,106.0,5.0,very_low,True,False,False,False,False,34.4882338176574,893.8283287040001,41.2224,False,True,strong_growth,False,False,False,True
melton,4,house,470.0,9444,Outer Western Melbourne,7953.0,1058.0,43.3,9.6,45.6,844.828288,-37.675613,144.611818,12.0,106.0,5.0,very_low,True,False,False,False,False,34.4882338176574,893.8283287040001,41.2224,False,True,strong_growth,False,False,False,True
mentone,1,flat,402.0,901,Southern Melbourne,13197.0,1889.0,71.3,4.1,66.7,1072.274306,-37.981574,145.069413,2.0,44.0,14.0,high,False,False,False,True,False,20.877784207796054,2025.5261640340002,63.9653,True,False,slow_growth,False,True,False,False
mentone,2,flat,537.0,2046,Southern Melbourne,13197.0,1889.0,71.3,4.1,66.7,1072.274306,-37.981574,145.069413,2.0,44.0,14.0,high,False,False,False,True,False,20.877784207796054,2025.5261640340002,63.9653,True,False,slow_growth,False,True,False,False
mentone,2,house,591.0,220,Southern Melbourne,13197.0,1889.0,71.3,4.1,66.7,1072.274306,-37.981574,145.069413,2.0,44.0,14.0,high,False,False,False,True,False,20.877784207796054,2025.5261640340002,63.9653,False,True,slow_growth,False,True,False,False
mentone,3,flat,722.6,489,Southern Melbourne,13197.0,1889.0,71.3,4.1,66.7,1072.274306,-37.981574,145.069413,2.0,44.0,14.0,high,False,False,False,True,False,20.877784207796054,2025.5261640340002,63.9653,True,False,slow_growth,False,True,False,False
mentone,3,house,730.0,779,Southern Melbourne,13197.0,1889.0,71.3,4.1,66.7,1072.274306,-37.981574,145.069413,2.0,44.0,14.0,high,False,False,False,True,False,20.877784207796054,2025.5261640340002,63.9653,False,True,slow_growth,False,True,False,False
mentone,4,house,894.6,469,Southern Melbourne,13197.0,1889.0,71.3,4.1,66.7,1072.274306,-37.981574,145.069413,2.0,44.0,14.0,high,False,False,False,True,False,20.877784207796054,2025.5261640340002,63.9653,False,True,slow_growth,False,True,False,False
middle park,1,flat,448.0,886,Inner Melbourne,4000.0,2836.0,78.0,3.9,64.4,1147.384813,-37.851145,144.96202,13.0,26.0,3.0,very_high,False,False,False,False,True,4.175890824219883,3253.983329668,61.888400000000004,True,False,strong_growth,False,False,False,True
middle park,2,flat,637.2,779,Inner Melbourne,4000.0,2836.0,78.0,3.9,64.4,1147.384813,-37.851145,144.96202,13.0,26.0,3.0,very_high,False,False,False,False,True,4.175890824219883,3253.983329668,61.888400000000004,True,False,strong_growth,False,False,False,True
middle park,2,house,775.0,387,Inner Melbourne,4000.0,2836.0,78.0,3.9,64.4,1147.384813,-37.851145,144.96202,13.0,26.0,3.0,very_high,False,False,False,False,True,4.175890824219883,3253.983329668,61.888400000000004,False,True,strong_growth,False,False,False,True
middle park,3,flat,888.6,114,Inner Melbourne,4000.0,2836.0,78.0,3.9,64.4,1147.384813,-37.851145,144.96202,13.0,26.0,3.0,very_high,False,False,False,False,True,4.175890824219883,3253.983329668,61.888400000000004,True,False,strong_growth,False,False,False,True
middle park,3,house,1130.0,448,Inner Melbourne,4000.0,2836.0,78.0,3.9,64.4,1147.384813,-37.851145,144.96202,13.0,26.0,3.0,very_high,False,False,False,False,True,4.175890824219883,3253.983329668,61.888400000000004,False,True,strong_growth,False,False,False,True
middle park,4,house,1435.2,164,Inner Melbourne,4000.0,2836.0,78.0,3.9,64.4,1147.384813,-37.851145,144.96202,13.0,26.0,3.0,very_high,False,False,False,False,True,4.175890824219883,3253.983329668,61.888400000000004,False,True,strong_growth,False,False,False,True
mildura,1,flat,272.0,406,Other Regional Centres,34565.0,1295.0,44.4,5.9,55.6,908.911649,-34.208414,142.124209,16.0,113.0,10.0,very_low,True,False,False,False,False,475.23186727631634,1177.040585455,52.3196,True,False,strong_growth,False,False,False,True
mildura,2,flat,339.0,1005,Other Regional Centres,34565.0,1295.0,44.4,5.9,55.6,908.911649,-34.208414,142.124209,16.0,113.0,10.0,very_low,True,False,False,False,False,475.23186727631634,1177.040585455,52.3196,True,False,strong_growth,False,False,False,True
mildura,2,house,371.6,462,Other Regional Centres,34565.0,1295.0,44.4,5.9,55.6,908.911649,-34.208414,142.124209,16.0,113.0,10.0,very_low,True,False,False,False,False,475.23186727631634,1177.040585455,52.3196,False,True,strong_growth,False,False,False,True
mildura,3,flat,441.0,249,Other Regional Centres,34565.0,1295.0,44.4,5.9,55.6,908.911649,-34.208414,142.124209,16.0,113.0,10.0,very_low,True,False,False,False,False,475.23186727631634,1177.040585455,52.3196,True,False,strong_growth,False,False,False,True
mildura,3,house,462.0,2758,Other Regional Centres,34565.0,1295.0,44.4,5.9,55.6,908.911649,-34.208414,142.124209,16.0,113.0,10.0,very_low,True,False,False,False,False,475.23186727631634,1177.040585455,52.3196,False,True,strong_growth,False,False,False,True
mildura,4,house,565.6,1040,Other Regional Centres,34565.0,1295.0,44.4,5.9,55.6,908.911649,-34.208414,142.124209,16.0,113.0,10.0,very_low,True,False,False,False,False,475.23186727631634,1177.040585455,52.3196,False,True,strong_growth,False,False,False,True
mill park,1,flat,384.0,177,North Eastern Melbourne,28712.0,1735.0,61.6,5.9,62.4,985.4693773,-37.663991,145.064517,7.0,75.0,10.0,low,False,True,False,False,False,18.875358747532403,1709.7893696155002,58.718399999999995,True,False,moderate_growth,False,False,True,False
mill park,2,flat,448.0,1016,North Eastern Melbourne,28712.0,1735.0,61.6,5.9,62.4,985.4693773,-37.663991,145.064517,7.0,75.0,10.0,low,False,True,False,False,False,18.875358747532403,1709.7893696155002,58.718399999999995,True,False,moderate_growth,False,False,True,False
mill park,2,house,472.0,515,North Eastern Melbourne,28712.0,1735.0,61.6,5.9,62.4,985.4693773,-37.663991,145.064517,7.0,75.0,10.0,low,False,True,False,False,False,18.875358747532403,1709.7893696155002,58.718399999999995,False,True,moderate_growth,False,False,True,False
mill park,3,flat,501.6,594,North Eastern Melbourne,28712.0,1735.0,61.6,5.9,62.4,985.4693773,-37.663991,145.064517,7.0,75.0,10.0,low,False,True,False,False,False,18.875358747532403,1709.7893696155002,58.718399999999995,True,False,moderate_growth,False,False,True,False
mill park,3,house,520.0,3565,North Eastern Melbourne,28712.0,1735.0,61.6,5.9,62.4,985.4693773,-37.663991,145.064517,7.0,75.0,10.0,low,False,True,False,False,False,18.875358747532403,1709.7893696155002,58.718399999999995,False,True,moderate_growth,False,False,True,False
mill park,4,house,596.0,1950,North Eastern Melbourne,28712.0,1735.0,61.6,5.9,62.4,985.4693773,-37.663991,145.064517,7.0,75.0,10.0,low,False,True,False,False,False,18.875358747532403,1709.7893696155002,58.718399999999995,False,True,moderate_growth,False,False,True,False
mitcham,1,flat,421.0,327,Inner Eastern Melbourne,16795.0,2030.0,73.1,4.4,67.4,1074.610245,-37.818164,145.199013,6.0,42.0,4.0,high,False,False,False,True,False,20.729356141633865,2181.45879735,64.4344,True,False,moderate_growth,False,False,True,False
mitcham,2,flat,502.0,1094,Inner Eastern Melbourne,16795.0,2030.0,73.1,4.4,67.4,1074.610245,-37.818164,145.199013,6.0,42.0,4.0,high,False,False,False,True,False,20.729356141633865,2181.45879735,64.4344,True,False,moderate_growth,False,False,True,False
mitcham,2,house,508.6,264,Inner Eastern Melbourne,16795.0,2030.0,73.1,4.4,67.4,1074.610245,-37.818164,145.199013,6.0,42.0,4.0,high,False,False,False,True,False,20.729356141633865,2181.45879735,64.4344,False,True,moderate_growth,False,False,True,False
mitcham,3,flat,642.2,539,Inner Eastern Melbourne,16795.0,2030.0,73.1,4.4,67.4,1074.610245,-37.818164,145.199013,6.0,42.0,4.0,high,False,False,False,True,False,20.729356141633865,2181.45879735,64.4344,True,False,moderate_growth,False,False,True,False
mitcham,3,house,604.0,996,Inner Eastern Melbourne,16795.0,2030.0,73.1,4.4,67.4,1074.610245,-37.818164,145.199013,6.0,42.0,4.0,high,False,False,False,True,False,20.729356141633865,2181.45879735,64.4344,False,True,moderate_growth,False,False,True,False
mitcham,4,house,724.6,342,Inner Eastern Melbourne,16795.0,2030.0,73.1,4.4,67.4,1074.610245,-37.818164,145.199013,6.0,42.0,4.0,high,False,False,False,True,False,20.729356141633865,2181.45879735,64.4344,False,True,moderate_growth,False,False,True,False
moe,1,flat,244.6,336,Other Regional Centres,9375.0,902.0,34.6,10.0,45.1,824.9502583,-38.178586,146.250338,14.0,152.0,3.0,very_low,True,False,False,False,False,119.87509665933356,744.1051329866,40.59,True,False,strong_growth,False,False,False,True
moe,2,flat,299.6,366,Other Regional Centres,9375.0,902.0,34.6,10.0,45.1,824.9502583,-38.178586,146.250338,14.0,152.0,3.0,very_low,True,False,False,False,False,119.87509665933356,744.1051329866,40.59,True,False,strong_growth,False,False,False,True
moe,2,house,339.0,232,Other Regional Centres,9375.0,902.0,34.6,10.0,45.1,824.9502583,-38.178586,146.250338,14.0,152.0,3.0,very_low,True,False,False,False,False,119.87509665933356,744.1051329866,40.59,False,True,strong_growth,False,False,False,True
moe,3,house,401.0,774,Other Regional Centres,9375.0,902.0,34.6,10.0,45.1,824.9502583,-38.178586,146.250338,14.0,152.0,3.0,very_low,True,False,False,False,False,119.87509665933356,744.1051329866,40.59,False,True,strong_growth,False,False,False,True
moe,4,house,524.6,284,Other Regional Centres,9375.0,902.0,34.6,10.0,45.1,824.9502583,-38.178586,146.250338,14.0,152.0,3.0,very_low,True,False,False,False,False,119.87509665933356,744.1051329866,40.59,False,True,strong_growth,False,False,False,True
mont albert,1,flat,440.0,144,Inner Eastern Melbourne,4948.0,2324.0,81.9,4.5,64.1,1123.309807,-37.817712,145.107784,3.0,35.0,-2.0,very_high,False,False,False,False,True,12.71763992503888,2610.5719914680003,61.21549999999999,True,False,slow_growth,False,True,False,False
mont albert,2,flat,556.0,1234,Inner Eastern Melbourne,4948.0,2324.0,81.9,4.5,64.1,1123.309807,-37.817712,145.107784,3.0,35.0,-2.0,very_high,False,False,False,False,True,12.71763992503888,2610.5719914680003,61.21549999999999,True,False,slow_growth,False,True,False,False
mont albert,2,house,604.0,110,Inner Eastern Melbourne,4948.0,2324.0,81.9,4.5,64.1,1123.309807,-37.817712,145.107784,3.0,35.0,-2.0,very_high,False,False,False,False,True,12.71763992503888,2610.5719914680003,61.21549999999999,False,True,slow_growth,False,True,False,False
mont albert,3,flat,732.0,362,Inner Eastern Melbourne,4948.0,2324.0,81.9,4.5,64.1,1123.309807,-37.817712,145.107784,3.0,35.0,-2.0,very_high,False,False,False,False,True,12.71763992503888,2610.5719914680003,61.21549999999999,True,False,slow_growth,False,True,False,False
mont albert,3,house,781.6,359,Inner Eastern Melbourne,4948.0,2324.0,81.9,4.5,64.1,1123.309807,-37.817712,145.107784,3.0,35.0,-2.0,very_high,False,False,False,False,True,12.71763992503888,2610.5719914680003,61.21549999999999,False,True,slow_growth,False,True,False,False
mont albert,4,house,1077.6,485,Inner Eastern Melbourne,4948.0,2324.0,81.9,4.5,64.1,1123.309807,-37.817712,145.107784,3.0,35.0,-2.0,very_high,False,False,False,False,True,12.71763992503888,2610.5719914680003,61.21549999999999,False,True,slow_growth,False,True,False,False
montmorency,1,flat,352.0,134,North Eastern Melbourne,9250.0,2076.0,66.9,3.4,66.3,1072.212811,-37.719021,145.125275,2.0,60.0,1.0,high,False,False,False,True,False,17.714882990329066,2225.913795636,64.0458,True,False,slow_growth,False,True,False,False
montmorency,2,flat,486.0,427,North Eastern Melbourne,9250.0,2076.0,66.9,3.4,66.3,1072.212811,-37.719021,145.125275,2.0,60.0,1.0,high,False,False,False,True,False,17.714882990329066,2225.913795636,64.0458,True,False,slow_growth,False,True,False,False
montmorency,2,house,494.0,97,North Eastern Melbourne,9250.0,2076.0,66.9,3.4,66.3,1072.212811,-37.719021,145.125275,2.0,60.0,1.0,high,False,False,False,True,False,17.714882990329066,2225.913795636,64.0458,False,True,slow_growth,False,True,False,False
montmorency,3,flat,612.8,302,North Eastern Melbourne,9250.0,2076.0,66.9,3.4,66.3,1072.212811,-37.719021,145.125275,2.0,60.0,1.0,high,False,False,False,True,False,17.714882990329066,2225.913795636,64.0458,True,False,slow_growth,False,True,False,False
montmorency,3,house,642.0,790,North Eastern Melbourne,9250.0,2076.0,66.9,3.4,66.3,1072.212811,-37.719021,145.125275,2.0,60.0,1.0,high,False,False,False,True,False,17.714882990329066,2225.913795636,64.0458,False,True,slow_growth,False,True,False,False
montmorency,4,house,805.2,430,North Eastern Melbourne,9250.0,2076.0,66.9,3.4,66.3,1072.212811,-37.719021,145.125275,2.0,60.0,1.0,high,False,False,False,True,False,17.714882990329066,2225.913795636,64.0458,False,True,slow_growth,False,True,False,False
moonee ponds,1,flat,450.0,1916,North Western Melbourne,16224.0,2111.0,76.1,3.9,70.2,1096.948468,-37.765613,144.921435,5.0,56.0,-3.0,high,False,False,False,True,False,6.4712222702078215,2315.658215948,67.4622,True,False,slow_growth,False,True,False,False
moonee ponds,2,flat,537.0,2487,North Western Melbourne,16224.0,2111.0,76.1,3.9,70.2,1096.948468,-37.765613,144.921435,5.0,56.0,-3.0,high,False,False,False,True,False,6.4712222702078215,2315.658215948,67.4622,True,False,slow_growth,False,True,False,False
moonee ponds,2,house,621.0,606,North Western Melbourne,16224.0,2111.0,76.1,3.9,70.2,1096.948468,-37.765613,144.921435,5.0,56.0,-3.0,high,False,False,False,True,False,6.4712222702078215,2315.658215948,67.4622,False,True,slow_growth,False,True,False,False
moonee ponds,3,flat,725.6,394,North Western Melbourne,16224.0,2111.0,76.1,3.9,70.2,1096.948468,-37.765613,144.921435,5.0,56.0,-3.0,high,False,False,False,True,False,6.4712222702078215,2315.658215948,67.4622,True,False,slow_growth,False,True,False,False
moonee ponds,3,house,726.8,919,North Western Melbourne,16224.0,2111.0,76.1,3.9,70.2,1096.948468,-37.765613,144.921435,5.0,56.0,-3.0,high,False,False,False,True,False,6.4712222702078215,2315.658215948,67.4622,False,True,slow_growth,False,True,False,False
moonee ponds,4,house,974.0,428,North Western Melbourne,16224.0,2111.0,76.1,3.9,70.2,1096.948468,-37.765613,144.921435,5.0,56.0,-3.0,high,False,False,False,True,False,6.4712222702078215,2315.658215948,67.4622,False,True,slow_growth,False,True,False,False
mordialloc,1,flat,402.0,901,Southern Melbourne,8886.0,2037.0,69.7,4.1,68.6,1071.530558,-37.999363,145.096052,3.0,68.0,7.0,high,False,False,False,True,False,23.72184132220046,2182.707746646,65.78739999999999,True,False,slow_growth,False,True,False,False
mordialloc,2,flat,537.0,2046,Southern Melbourne,8886.0,2037.0,69.7,4.1,68.6,1071.530558,-37.999363,145.096052,3.0,68.0,7.0,high,False,False,False,True,False,23.72184132220046,2182.707746646,65.78739999999999,True,False,slow_growth,False,True,False,False
mordialloc,2,house,591.0,220,Southern Melbourne,8886.0,2037.0,69.7,4.1,68.6,1071.530558,-37.999363,145.096052,3.0,68.0,7.0,high,False,False,False,True,False,23.72184132220046,2182.707746646,65.78739999999999,False,True,slow_growth,False,True,False,False
mordialloc,3,flat,722.6,489,Southern Melbourne,8886.0,2037.0,69.7,4.1,68.6,1071.530558,-37.999363,145.096052,3.0,68.0,7.0,high,False,False,False,True,False,23.72184132220046,2182.707746646,65.78739999999999,True,False,slow_growth,False,True,False,False
mordialloc,3,house,730.0,779,Southern Melbourne,8886.0,2037.0,69.7,4.1,68.6,1071.530558,-37.999363,145.096052,3.0,68.0,7.0,high,False,False,False,True,False,23.72184132220046,2182.707746646,65.78739999999999,False,True,slow_growth,False,True,False,False
mordialloc,4,house,894.6,469,Southern Melbourne,8886.0,2037.0,69.7,4.1,68.6,1071.530558,-37.999363,145.096052,3.0,68.0,7.0,high,False,False,False,True,False,23.72184132220046,2182.707746646,65.78739999999999,False,True,slow_growth,False,True,False,False
mornington,1,flat,390.0,42,Mornington Peninsula,25759.0,1451.0,55.1,3.8,53.0,1012.282003,-38.230421,145.060286,-2.0,69.0,2.0,low,False,True,False,False,False,47.123722624036475,1468.821186353,50.986,True,False,declining,True,False,False,False
mornington,2,flat,524.6,906,Mornington Peninsula,25759.0,1451.0,55.1,3.8,53.0,1012.282003,-38.230421,145.060286,-2.0,69.0,2.0,low,False,True,False,False,False,47.123722624036475,1468.821186353,50.986,True,False,declining,True,False,False,False
mornington,2,house,544.2,115,Mornington Peninsula,25759.0,1451.0,55.1,3.8,53.0,1012.282003,-38.230421,145.060286,-2.0,69.0,2.0,low,False,True,False,False,False,47.123722624036475,1468.821186353,50.986,False,True,declining,True,False,False,False
mornington,3,flat,637.4,523,Mornington Peninsula,25759.0,1451.0,55.1,3.8,53.0,1012.282003,-38.230421,145.060286,-2.0,69.0,2.0,low,False,True,False,False,False,47.123722624036475,1468.821186353,50.986,True,False,declining,True,False,False,False
mornington,3,house,671.2,1501,Mornington Peninsula,25759.0,1451.0,55.1,3.8,53.0,1012.282003,-38.230421,145.060286,-2.0,69.0,2.0,low,False,True,False,False,False,47.123722624036475,1468.821186353,50.986,False,True,declining,True,False,False,False
mornington,4,house,894.0,1225,Mornington Peninsula,25759.0,1451.0,55.1,3.8,53.0,1012.282003,-38.230421,145.060286,-2.0,69.0,2.0,low,False,True,False,False,False,47.123722624036475,1468.821186353,50.986,False,True,declining,True,False,False,False
morwell,1,flat,260.0,236,Other Regional Centres,14389.0,942.0,36.7,11.0,44.4,819.8212138,-38.227567,146.414515,10.0,145.0,17.0,very_low,True,False,False,False,False,135.2155637685394,772.2715833996,39.516,True,False,moderate_growth,False,False,True,False
morwell,2,flat,304.0,442,Other Regional Centres,14389.0,942.0,36.7,11.0,44.4,819.8212138,-38.227567,146.414515,10.0,145.0,17.0,very_low,True,False,False,False,False,135.2155637685394,772.2715833996,39.516,True,False,moderate_growth,False,False,True,False
morwell,2,house,337.0,355,Other Regional Centres,14389.0,942.0,36.7,11.0,44.4,819.8212138,-38.227567,146.414515,10.0,145.0,17.0,very_low,True,False,False,False,False,135.2155637685394,772.2715833996,39.516,False,True,moderate_growth,False,False,True,False
morwell,3,house,388.0,1288,Other Regional Centres,14389.0,942.0,36.7,11.0,44.4,819.8212138,-38.227567,146.414515,10.0,145.0,17.0,very_low,True,False,False,False,False,135.2155637685394,772.2715833996,39.516,False,True,moderate_growth,False,False,True,False
morwell,4,house,477.8,374,Other Regional Centres,14389.0,942.0,36.7,11.0,44.4,819.8212138,-38.227567,146.414515,10.0,145.0,17.0,very_low,True,False,False,False,False,135.2155637685394,772.2715833996,39.516,False,True,moderate_growth,False,False,True,False
mount clear,1,flat,278.0,22,Ballarat,3671.0,1462.0,57.5,6.0,61.0,975.2093212,-37.603394,143.871039,12.0,77.0,11.0,low,False,True,False,False,False,98.87047668208625,1425.7560275944,57.339999999999996,True,False,strong_growth,False,False,False,True
mount clear,2,flat,350.6,112,Ballarat,3671.0,1462.0,57.5,6.0,61.0,975.2093212,-37.603394,143.871039,12.0,77.0,11.0,low,False,True,False,False,False,98.87047668208625,1425.7560275944,57.339999999999996,True,False,strong_growth,False,False,False,True
mount clear,2,house,365.0,12,Ballarat,3671.0,1462.0,57.5,6.0,61.0,975.2093212,-37.603394,143.871039,12.0,77.0,11.0,low,False,True,False,False,False,98.87047668208625,1425.7560275944,57.339999999999996,False,True,strong_growth,False,False,False,True
mount clear,3,flat,380.0,75,Ballarat,3671.0,1462.0,57.5,6.0,61.0,975.2093212,-37.603394,143.871039,12.0,77.0,11.0,low,False,True,False,False,False,98.87047668208625,1425.7560275944,57.339999999999996,True,False,strong_growth,False,False,False,True
mount clear,3,house,410.6,272,Ballarat,3671.0,1462.0,57.5,6.0,61.0,975.2093212,-37.603394,143.871039,12.0,77.0,11.0,low,False,True,False,False,False,98.87047668208625,1425.7560275944,57.339999999999996,False,True,strong_growth,False,False,False,True
mount clear,4,house,478.0,222,Ballarat,3671.0,1462.0,57.5,6.0,61.0,975.2093212,-37.603394,143.871039,12.0,77.0,11.0,low,False,True,False,False,False,98.87047668208625,1425.7560275944,57.339999999999996,False,True,strong_growth,False,False,False,True
mount waverley,1,flat,265.6,316,Inner Eastern Melbourne,35340.0,2066.0,76.3,5.4,61.3,1091.503202,-37.878369,145.128503,0.0,28.0,4.0,high,False,False,False,True,False,16.21108628874411,2255.0456153320006,57.989799999999995,True,False,declining,True,False,False,False
mount waverley,2,flat,524.2,714,Inner Eastern Melbourne,35340.0,2066.0,76.3,5.4,61.3,1091.503202,-37.878369,145.128503,0.0,28.0,4.0,high,False,False,False,True,False,16.21108628874411,2255.0456153320006,57.989799999999995,True,False,declining,True,False,False,False
mount waverley,2,house,558.0,124,Inner Eastern Melbourne,35340.0,2066.0,76.3,5.4,61.3,1091.503202,-37.878369,145.128503,0.0,28.0,4.0,high,False,False,False,True,False,16.21108628874411,2255.0456153320006,57.989799999999995,False,True,declining,True,False,False,False
mount waverley,3,flat,677.0,665,Inner Eastern Melbourne,35340.0,2066.0,76.3,5.4,61.3,1091.503202,-37.878369,145.128503,0.0,28.0,4.0,high,False,False,False,True,False,16.21108628874411,2255.0456153320006,57.989799999999995,True,False,declining,True,False,False,False
mount waverley,3,house,651.6,1046,Inner Eastern Melbourne,35340.0,2066.0,76.3,5.4,61.3,1091.503202,-37.878369,145.128503,0.0,28.0,4.0,high,False,False,False,True,False,16.21108628874411,2255.0456153320006,57.989799999999995,False,True,declining,True,False,False,False
mount waverley,4,house,798.6,791,Inner Eastern Melbourne,35340.0,2066.0,76.3,5.4,61.3,1091.503202,-37.878369,145.128503,0.0,28.0,4.0,high,False,False,False,True,False,16.21108628874411,2255.0456153320006,57.989799999999995,False,True,declining,True,False,False,False
mulgrave,1,flat,525.0,323,Inner Eastern Melbourne,19889.0,1913.0,68.7,5.1,61.0,1042.856354,-37.925652,145.175863,5.0,45.0,-4.0,medium,False,False,True,False,False,22.450699206741536,1994.9842052019999,57.888999999999996,True,False,slow_growth,False,True,False,False
mulgrave,2,flat,628.0,1489,Inner Eastern Melbourne,19889.0,1913.0,68.7,5.1,61.0,1042.856354,-37.925652,145.175863,5.0,45.0,-4.0,medium,False,False,True,False,False,22.450699206741536,1994.9842052019999,57.888999999999996,True,False,slow_growth,False,True,False,False
mulgrave,2,house,577.0,166,Inner Eastern Melbourne,19889.0,1913.0,68.7,5.1,61.0,1042.856354,-37.925652,145.175863,5.0,45.0,-4.0,medium,False,False,True,False,False,22.450699206741536,1994.9842052019999,57.888999999999996,False,True,slow_growth,False,True,False,False
mulgrave,3,flat,652.0,1146,Inner Eastern Melbourne,19889.0,1913.0,68.7,5.1,61.0,1042.856354,-37.925652,145.175863,5.0,45.0,-4.0,medium,False,False,True,False,False,22.450699206741536,1994.9842052019999,57.888999999999996,True,False,slow_growth,False,True,False,False
mulgrave,3,house,629.0,2577,Inner Eastern Melbourne,19889.0,1913.0,68.7,5.1,61.0,1042.856354,-37.925652,145.175863,5.0,45.0,-4.0,medium,False,False,True,False,False,22.450699206741536,1994.9842052019999,57.888999999999996,False,True,slow_growth,False,True,False,False
mulgrave,4,house,754.6,2588,Inner Eastern Melbourne,19889.0,1913.0,68.7,5.1,61.0,1042.856354,-37.925652,145.175863,5.0,45.0,-4.0,medium,False,False,True,False,False,22.450699206741536,1994.9842052019999,57.888999999999996,False,True,slow_growth,False,True,False,False
murrumbeena,1,flat,394.0,983,Southern Melbourne,9996.0,2057.0,78.6,4.0,71.0,1096.314947,-37.896679,145.070151,0.0,43.0,-11.0,high,False,False,False,True,False,13.178532679142723,2255.119845979,68.16,True,False,declining,True,False,False,False
murrumbeena,2,flat,552.8,1304,Southern Melbourne,9996.0,2057.0,78.6,4.0,71.0,1096.314947,-37.896679,145.070151,0.0,43.0,-11.0,high,False,False,False,True,False,13.178532679142723,2255.119845979,68.16,True,False,declining,True,False,False,False
murrumbeena,2,house,564.0,97,Southern Melbourne,9996.0,2057.0,78.6,4.0,71.0,1096.314947,-37.896679,145.070151,0.0,43.0,-11.0,high,False,False,False,True,False,13.178532679142723,2255.119845979,68.16,False,True,declining,True,False,False,False
murrumbeena,3,flat,689.2,347,Southern Melbourne,9996.0,2057.0,78.6,4.0,71.0,1096.314947,-37.896679,145.070151,0.0,43.0,-11.0,high,False,False,False,True,False,13.178532679142723,2255.119845979,68.16,True,False,declining,True,False,False,False
murrumbeena,3,house,724.6,365,Southern Melbourne,9996.0,2057.0,78.6,4.0,71.0,1096.314947,-37.896679,145.070151,0.0,43.0,-11.0,high,False,False,False,True,False,13.178532679142723,2255.119845979,68.16,False,True,declining,True,False,False,False
murrumbeena,4,house,982.0,242,Southern Melbourne,9996.0,2057.0,78.6,4.0,71.0,1096.314947,-37.896679,145.070151,0.0,43.0,-11.0,high,False,False,False,True,False,13.178532679142723,2255.119845979,68.16,False,True,declining,True,False,False,False
narre warren,1,flat,365.6,106,South Eastern Melbourne,27689.0,1741.0,59.4,6.1,63.3,962.4349565,-38.018855,145.305526,7.0,86.0,10.0,low,False,True,False,False,False,37.72552780712651,1675.5992592665,59.438700000000004,True,False,moderate_growth,False,False,True,False
narre warren,2,flat,464.0,613,South Eastern Melbourne,27689.0,1741.0,59.4,6.1,63.3,962.4349565,-38.018855,145.305526,7.0,86.0,10.0,low,False,True,False,False,False,37.72552780712651,1675.5992592665,59.438700000000004,True,False,moderate_growth,False,False,True,False
narre warren,2,house,479.6,355,South Eastern Melbourne,27689.0,1741.0,59.4,6.1,63.3,962.4349565,-38.018855,145.305526,7.0,86.0,10.0,low,False,True,False,False,False,37.72552780712651,1675.5992592665,59.438700000000004,False,True,moderate_growth,False,False,True,False
narre warren,3,flat,524.6,548,South Eastern Melbourne,27689.0,1741.0,59.4,6.1,63.3,962.4349565,-38.018855,145.305526,7.0,86.0,10.0,low,False,True,False,False,False,37.72552780712651,1675.5992592665,59.438700000000004,True,False,moderate_growth,False,False,True,False
narre warren,3,house,537.0,4489,South Eastern Melbourne,27689.0,1741.0,59.4,6.1,63.3,962.4349565,-38.018855,145.305526,7.0,86.0,10.0,low,False,True,False,False,False,37.72552780712651,1675.5992592665,59.438700000000004,False,True,moderate_growth,False,False,True,False
narre warren,4,house,634.0,2651,South Eastern Melbourne,27689.0,1741.0,59.4,6.1,63.3,962.4349565,-38.018855,145.305526,7.0,86.0,10.0,low,False,True,False,False,False,37.72552780712651,1675.5992592665,59.438700000000004,False,True,moderate_growth,False,False,True,False
newborough,1,flat,244.6,336,Other Regional Centres,6886.0,1165.0,38.3,7.2,52.5,891.8474502,-38.175979,146.29302,10.0,115.0,-2.0,very_low,True,False,False,False,False,123.3076651830824,1039.002279483,48.72,True,False,moderate_growth,False,False,True,False
newborough,2,flat,299.6,366,Other Regional Centres,6886.0,1165.0,38.3,7.2,52.5,891.8474502,-38.175979,146.29302,10.0,115.0,-2.0,very_low,True,False,False,False,False,123.3076651830824,1039.002279483,48.72,True,False,moderate_growth,False,False,True,False
newborough,2,house,339.0,232,Other Regional Centres,6886.0,1165.0,38.3,7.2,52.5,891.8474502,-38.175979,146.29302,10.0,115.0,-2.0,very_low,True,False,False,False,False,123.3076651830824,1039.002279483,48.72,False,True,moderate_growth,False,False,True,False
newborough,3,house,401.0,774,Other Regional Centres,6886.0,1165.0,38.3,7.2,52.5,891.8474502,-38.175979,146.29302,10.0,115.0,-2.0,very_low,True,False,False,False,False,123.3076651830824,1039.002279483,48.72,False,True,moderate_growth,False,False,True,False
newborough,4,house,524.6,284,Other Regional Centres,6886.0,1165.0,38.3,7.2,52.5,891.8474502,-38.175979,146.29302,10.0,115.0,-2.0,very_low,True,False,False,False,False,123.3076651830824,1039.002279483,48.72,False,True,moderate_growth,False,False,True,False
newport,1,flat,451.6,624,Outer Western Melbourne,13658.0,2657.0,73.9,4.1,72.1,1107.452901,-37.843634,144.879953,-2.0,54.0,-4.0,very_high,False,False,False,False,True,8.029980515323532,2942.502357957,69.14389999999999,True,False,declining,True,False,False,False
newport,2,flat,578.0,1440,Outer Western Melbourne,13658.0,2657.0,73.9,4.1,72.1,1107.452901,-37.843634,144.879953,-2.0,54.0,-4.0,very_high,False,False,False,False,True,8.029980515323532,2942.502357957,69.14389999999999,True,False,declining,True,False,False,False
newport,2,house,558.6,361,Outer Western Melbourne,13658.0,2657.0,73.9,4.1,72.1,1107.452901,-37.843634,144.879953,-2.0,54.0,-4.0,very_high,False,False,False,False,True,8.029980515323532,2942.502357957,69.14389999999999,False,True,declining,True,False,False,False
newport,3,flat,733.6,393,Outer Western Melbourne,13658.0,2657.0,73.9,4.1,72.1,1107.452901,-37.843634,144.879953,-2.0,54.0,-4.0,very_high,False,False,False,False,True,8.029980515323532,2942.502357957,69.14389999999999,True,False,declining,True,False,False,False
newport,3,house,700.0,821,Outer Western Melbourne,13658.0,2657.0,73.9,4.1,72.1,1107.452901,-37.843634,144.879953,-2.0,54.0,-4.0,very_high,False,False,False,False,True,8.029980515323532,2942.502357957,69.14389999999999,False,True,declining,True,False,False,False
newport,4,house,904.6,279,Outer Western Melbourne,13658.0,2657.0,73.9,4.1,72.1,1107.452901,-37.843634,144.879953,-2.0,54.0,-4.0,very_high,False,False,False,False,True,8.029980515323532,2942.502357957,69.14389999999999,False,True,declining,True,False,False,False
noble park,1,flat,356.0,635,South Eastern Melbourne,32257.0,1382.0,63.8,7.3,56.8,901.2292427,-37.969491,145.176734,6.0,63.0,6.0,very_low,True,False,False,False,False,25.53275354140678,1245.4988134113999,52.6536,True,False,moderate_growth,False,False,True,False
noble park,2,flat,479.0,1881,South Eastern Melbourne,32257.0,1382.0,63.8,7.3,56.8,901.2292427,-37.969491,145.176734,6.0,63.0,6.0,very_low,True,False,False,False,False,25.53275354140678,1245.4988134113999,52.6536,True,False,moderate_growth,False,False,True,False
noble park,2,house,484.0,185,South Eastern Melbourne,32257.0,1382.0,63.8,7.3,56.8,901.2292427,-37.969491,145.176734,6.0,63.0,6.0,very_low,True,False,False,False,False,25.53275354140678,1245.4988134113999,52.6536,False,True,moderate_growth,False,False,True,False
noble park,3,flat,565.2,728,South Eastern Melbourne,32257.0,1382.0,63.8,7.3,56.8,901.2292427,-37.969491,145.176734,6.0,63.0,6.0,very_low,True,False,False,False,False,25.53275354140678,1245.4988134113999,52.6536,True,False,moderate_growth,False,False,True,False
noble park,3,house,546.0,1258,South Eastern Melbourne,32257.0,1382.0,63.8,7.3,56.8,901.2292427,-37.969491,145.176734,6.0,63.0,6.0,very_low,True,False,False,False,False,25.53275354140678,1245.4988134113999,52.6536,False,True,moderate_growth,False,False,True,False
noble park,4,house,628.6,211,South Eastern Melbourne,32257.0,1382.0,63.8,7.3,56.8,901.2292427,-37.969491,145.176734,6.0,63.0,6.0,very_low,True,False,False,False,False,25.53275354140678,1245.4988134113999,52.6536,False,True,moderate_growth,False,False,True,False
north bendigo,1,flat,270.0,99,Bendigo,4277.0,1281.0,50.2,5.1,55.6,912.7240611,-36.737452,144.280427,6.0,86.0,9.0,very_low,True,False,False,False,False,134.04237355845729,1169.1995222691,52.7644,True,False,moderate_growth,False,False,True,False
north bendigo,2,flat,379.6,457,Bendigo,4277.0,1281.0,50.2,5.1,55.6,912.7240611,-36.737452,144.280427,6.0,86.0,9.0,very_low,True,False,False,False,False,134.04237355845729,1169.1995222691,52.7644,True,False,moderate_growth,False,False,True,False
north bendigo,2,house,398.0,314,Bendigo,4277.0,1281.0,50.2,5.1,55.6,912.7240611,-36.737452,144.280427,6.0,86.0,9.0,very_low,True,False,False,False,False,134.04237355845729,1169.1995222691,52.7644,False,True,moderate_growth,False,False,True,False
north bendigo,3,flat,439.0,200,Bendigo,4277.0,1281.0,50.2,5.1,55.6,912.7240611,-36.737452,144.280427,6.0,86.0,9.0,very_low,True,False,False,False,False,134.04237355845729,1169.1995222691,52.7644,True,False,moderate_growth,False,False,True,False
north bendigo,3,house,462.0,1840,Bendigo,4277.0,1281.0,50.2,5.1,55.6,912.7240611,-36.737452,144.280427,6.0,86.0,9.0,very_low,True,False,False,False,False,134.04237355845729,1169.1995222691,52.7644,False,True,moderate_growth,False,False,True,False
north bendigo,4,house,528.0,1021,Bendigo,4277.0,1281.0,50.2,5.1,55.6,912.7240611,-36.737452,144.280427,6.0,86.0,9.0,very_low,True,False,False,False,False,134.04237355845729,1169.1995222691,52.7644,False,True,moderate_growth,False,False,True,False
north geelong,1,flat,323.6,251,Geelong,3225.0,1490.0,54.5,6.2,55.2,952.9362732,-38.115834,144.349204,5.0,100.0,17.0,low,False,True,False,False,False,63.448243369282814,1419.8750470679997,51.7776,True,False,slow_growth,False,True,False,False
north geelong,2,flat,420.0,508,Geelong,3225.0,1490.0,54.5,6.2,55.2,952.9362732,-38.115834,144.349204,5.0,100.0,17.0,low,False,True,False,False,False,63.448243369282814,1419.8750470679997,51.7776,True,False,slow_growth,False,True,False,False
north geelong,2,house,432.6,257,Geelong,3225.0,1490.0,54.5,6.2,55.2,952.9362732,-38.115834,144.349204,5.0,100.0,17.0,low,False,True,False,False,False,63.448243369282814,1419.8750470679997,51.7776,False,True,slow_growth,False,True,False,False
north geelong,3,flat,500.0,386,Geelong,3225.0,1490.0,54.5,6.2,55.2,952.9362732,-38.115834,144.349204,5.0,100.0,17.0,low,False,True,False,False,False,63.448243369282814,1419.8750470679997,51.7776,True,False,slow_growth,False,True,False,False
north geelong,3,house,480.6,1589,Geelong,3225.0,1490.0,54.5,6.2,55.2,952.9362732,-38.115834,144.349204,5.0,100.0,17.0,low,False,True,False,False,False,63.448243369282814,1419.8750470679997,51.7776,False,True,slow_growth,False,True,False,False
north geelong,4,house,573.6,432,Geelong,3225.0,1490.0,54.5,6.2,55.2,952.9362732,-38.115834,144.349204,5.0,100.0,17.0,low,False,True,False,False,False,63.448243369282814,1419.8750470679997,51.7776,False,True,slow_growth,False,True,False,False
north melbourne,1,flat,508.6,6075,Inner Melbourne,14953.0,1717.0,84.7,7.0,67.7,1053.567982,-37.798452,144.9449,0.0,39.0,9.0,medium,False,False,True,False,False,2.322446995566914,1808.976225094,62.961,True,False,declining,True,False,False,False
north melbourne,2,flat,652.0,5966,Inner Melbourne,14953.0,1717.0,84.7,7.0,67.7,1053.567982,-37.798452,144.9449,0.0,39.0,9.0,medium,False,False,True,False,False,2.322446995566914,1808.976225094,62.961,True,False,declining,True,False,False,False
north melbourne,2,house,646.0,327,Inner Melbourne,14953.0,1717.0,84.7,7.0,67.7,1053.567982,-37.798452,144.9449,0.0,39.0,9.0,medium,False,False,True,False,False,2.322446995566914,1808.976225094,62.961,False,True,declining,True,False,False,False
north melbourne,3,flat,887.4,763,Inner Melbourne,14953.0,1717.0,84.7,7.0,67.7,1053.567982,-37.798452,144.9449,0.0,39.0,9.0,medium,False,False,True,False,False,2.322446995566914,1808.976225094,62.961,True,False,declining,True,False,False,False
north melbourne,3,house,850.6,348,Inner Melbourne,14953.0,1717.0,84.7,7.0,67.7,1053.567982,-37.798452,144.9449,0.0,39.0,9.0,medium,False,False,True,False,False,2.322446995566914,1808.976225094,62.961,False,True,declining,True,False,False,False
north melbourne,4,house,1075.0,92,Inner Melbourne,14953.0,1717.0,84.7,7.0,67.7,1053.567982,-37.798452,144.9449,0.0,39.0,9.0,medium,False,False,True,False,False,2.322446995566914,1808.976225094,62.961,False,True,declining,True,False,False,False
northcote,1,flat,418.0,1331,North Eastern Melbourne,25276.0,2287.0,80.0,4.0,72.3,1117.213738,-37.772511,145.000493,6.0,68.0,-2.0,very_high,False,False,False,False,True,5.62766279571164,2555.0678188059997,69.408,True,False,moderate_growth,False,False,True,False
northcote,2,flat,595.0,1358,North Eastern Melbourne,25276.0,2287.0,80.0,4.0,72.3,1117.213738,-37.772511,145.000493,6.0,68.0,-2.0,very_high,False,False,False,False,True,5.62766279571164,2555.0678188059997,69.408,True,False,moderate_growth,False,False,True,False
northcote,2,house,700.0,619,North Eastern Melbourne,25276.0,2287.0,80.0,4.0,72.3,1117.213738,-37.772511,145.000493,6.0,68.0,-2.0,very_high,False,False,False,False,True,5.62766279571164,2555.0678188059997,69.408,False,True,moderate_growth,False,False,True,False
northcote,3,flat,815.0,253,North Eastern Melbourne,25276.0,2287.0,80.0,4.0,72.3,1117.213738,-37.772511,145.000493,6.0,68.0,-2.0,very_high,False,False,False,False,True,5.62766279571164,2555.0678188059997,69.408,True,False,moderate_growth,False,False,True,False
northcote,3,house,850.0,701,North Eastern Melbourne,25276.0,2287.0,80.0,4.0,72.3,1117.213738,-37.772511,145.000493,6.0,68.0,-2.0,very_high,False,False,False,False,True,5.62766279571164,2555.0678188059997,69.408,False,True,moderate_growth,False,False,True,False
northcote,4,house,1162.6,247,North Eastern Melbourne,25276.0,2287.0,80.0,4.0,72.3,1117.213738,-37.772511,145.000493,6.0,68.0,-2.0,very_high,False,False,False,False,True,5.62766279571164,2555.0678188059997,69.408,False,True,moderate_growth,False,False,True,False
nunawading,1,flat,421.0,327,Inner Eastern Melbourne,12413.0,1938.0,72.7,4.5,63.2,1058.587276,-37.817349,145.176537,3.0,35.0,-7.0,medium,False,False,True,False,False,18.753537481633476,2051.5421408879997,60.356,True,False,slow_growth,False,True,False,False
nunawading,2,flat,502.0,1094,Inner Eastern Melbourne,12413.0,1938.0,72.7,4.5,63.2,1058.587276,-37.817349,145.176537,3.0,35.0,-7.0,medium,False,False,True,False,False,18.753537481633476,2051.5421408879997,60.356,True,False,slow_growth,False,True,False,False
nunawading,2,house,508.6,264,Inner Eastern Melbourne,12413.0,1938.0,72.7,4.5,63.2,1058.587276,-37.817349,145.176537,3.0,35.0,-7.0,medium,False,False,True,False,False,18.753537481633476,2051.5421408879997,60.356,False,True,slow_growth,False,True,False,False
nunawading,3,flat,642.2,539,Inner Eastern Melbourne,12413.0,1938.0,72.7,4.5,63.2,1058.587276,-37.817349,145.176537,3.0,35.0,-7.0,medium,False,False,True,False,False,18.753537481633476,2051.5421408879997,60.356,True,False,slow_growth,False,True,False,False
nunawading,3,house,604.0,996,Inner Eastern Melbourne,12413.0,1938.0,72.7,4.5,63.2,1058.587276,-37.817349,145.176537,3.0,35.0,-7.0,medium,False,False,True,False,False,18.753537481633476,2051.5421408879997,60.356,False,True,slow_growth,False,True,False,False
nunawading,4,house,724.6,342,Inner Eastern Melbourne,12413.0,1938.0,72.7,4.5,63.2,1058.587276,-37.817349,145.176537,3.0,35.0,-7.0,medium,False,False,True,False,False,18.753537481633476,2051.5421408879997,60.356,False,True,slow_growth,False,True,False,False
oak park,1,flat,384.6,359,North Western Melbourne,6714.0,2201.0,72.8,4.5,69.8,1068.410289,-37.717537,144.917023,4.0,77.0,2.0,high,False,False,False,True,False,11.423824491109622,2351.5710460889995,66.65899999999999,True,False,slow_growth,False,True,False,False
oak park,2,flat,480.0,2537,North Western Melbourne,6714.0,2201.0,72.8,4.5,69.8,1068.410289,-37.717537,144.917023,4.0,77.0,2.0,high,False,False,False,True,False,11.423824491109622,2351.5710460889995,66.65899999999999,True,False,slow_growth,False,True,False,False
oak park,2,house,492.0,531,North Western Melbourne,6714.0,2201.0,72.8,4.5,69.8,1068.410289,-37.717537,144.917023,4.0,77.0,2.0,high,False,False,False,True,False,11.423824491109622,2351.5710460889995,66.65899999999999,False,True,slow_growth,False,True,False,False
oak park,3,flat,596.0,1208,North Western Melbourne,6714.0,2201.0,72.8,4.5,69.8,1068.410289,-37.717537,144.917023,4.0,77.0,2.0,high,False,False,False,True,False,11.423824491109622,2351.5710460889995,66.65899999999999,True,False,slow_growth,False,True,False,False
oak park,3,house,546.2,1807,North Western Melbourne,6714.0,2201.0,72.8,4.5,69.8,1068.410289,-37.717537,144.917023,4.0,77.0,2.0,high,False,False,False,True,False,11.423824491109622,2351.5710460889995,66.65899999999999,False,True,slow_growth,False,True,False,False
oak park,4,house,652.0,451,North Western Melbourne,6714.0,2201.0,72.8,4.5,69.8,1068.410289,-37.717537,144.917023,4.0,77.0,2.0,high,False,False,False,True,False,11.423824491109622,2351.5710460889995,66.65899999999999,False,True,slow_growth,False,True,False,False
oakleigh,1,flat,489.0,503,Inner Eastern Melbourne,8442.0,1926.0,72.3,5.3,66.1,1060.630254,-37.900681,145.095684,3.0,36.0,1.0,medium,False,False,True,False,False,15.140963082325515,2042.7738692039998,62.59669999999999,True,False,slow_growth,False,True,False,False
oakleigh,2,flat,565.0,1736,Inner Eastern Melbourne,8442.0,1926.0,72.3,5.3,66.1,1060.630254,-37.900681,145.095684,3.0,36.0,1.0,medium,False,False,True,False,False,15.140963082325515,2042.7738692039998,62.59669999999999,True,False,slow_growth,False,True,False,False
oakleigh,2,house,554.0,177,Inner Eastern Melbourne,8442.0,1926.0,72.3,5.3,66.1,1060.630254,-37.900681,145.095684,3.0,36.0,1.0,medium,False,False,True,False,False,15.140963082325515,2042.7738692039998,62.59669999999999,False,True,slow_growth,False,True,False,False
oakleigh,3,flat,676.0,946,Inner Eastern Melbourne,8442.0,1926.0,72.3,5.3,66.1,1060.630254,-37.900681,145.095684,3.0,36.0,1.0,medium,False,False,True,False,False,15.140963082325515,2042.7738692039998,62.59669999999999,True,False,slow_growth,False,True,False,False
oakleigh,3,house,626.6,892,Inner Eastern Melbourne,8442.0,1926.0,72.3,5.3,66.1,1060.630254,-37.900681,145.095684,3.0,36.0,1.0,medium,False,False,True,False,False,15.140963082325515,2042.7738692039998,62.59669999999999,False,True,slow_growth,False,True,False,False
oakleigh,4,house,834.6,342,Inner Eastern Melbourne,8442.0,1926.0,72.3,5.3,66.1,1060.630254,-37.900681,145.095684,3.0,36.0,1.0,medium,False,False,True,False,False,15.140963082325515,2042.7738692039998,62.59669999999999,False,True,slow_growth,False,True,False,False
ocean grove,1,flat,294.0,22,Other Regional Centres,17714.0,1837.0,62.2,2.6,61.5,1053.62847,-38.259553,144.538358,-4.0,80.0,4.0,medium,False,False,True,False,False,61.98909754206242,1935.5154993900003,59.900999999999996,True,False,declining,True,False,False,False
ocean grove,2,flat,456.2,294,Other Regional Centres,17714.0,1837.0,62.2,2.6,61.5,1053.62847,-38.259553,144.538358,-4.0,80.0,4.0,medium,False,False,True,False,False,61.98909754206242,1935.5154993900003,59.900999999999996,True,False,declining,True,False,False,False
ocean grove,2,house,490.0,114,Other Regional Centres,17714.0,1837.0,62.2,2.6,61.5,1053.62847,-38.259553,144.538358,-4.0,80.0,4.0,medium,False,False,True,False,False,61.98909754206242,1935.5154993900003,59.900999999999996,False,True,declining,True,False,False,False
ocean grove,3,flat,573.6,211,Other Regional Centres,17714.0,1837.0,62.2,2.6,61.5,1053.62847,-38.259553,144.538358,-4.0,80.0,4.0,medium,False,False,True,False,False,61.98909754206242,1935.5154993900003,59.900999999999996,True,False,declining,True,False,False,False
ocean grove,3,house,542.0,852,Other Regional Centres,17714.0,1837.0,62.2,2.6,61.5,1053.62847,-38.259553,144.538358,-4.0,80.0,4.0,medium,False,False,True,False,False,61.98909754206242,1935.5154993900003,59.900999999999996,False,True,declining,True,False,False,False
ocean grove,4,house,632.0,822,Other Regional Centres,17714.0,1837.0,62.2,2.6,61.5,1053.62847,-38.259553,144.538358,-4.0,80.0,4.0,medium,False,False,True,False,False,61.98909754206242,1935.5154993900003,59.900999999999996,False,True,declining,True,False,False,False
pakenham,1,flat,375.0,81,South Eastern Melbourne,54118.0,1664.0,55.1,5.3,65.2,958.075465,-38.073578,145.485168,7.0,91.0,7.0,low,False,True,False,False,False,54.14332250156588,1594.23757376,61.7444,True,False,moderate_growth,False,False,True,False
pakenham,2,flat,437.6,532,South Eastern Melbourne,54118.0,1664.0,55.1,5.3,65.2,958.075465,-38.073578,145.485168,7.0,91.0,7.0,low,False,True,False,False,False,54.14332250156588,1594.23757376,61.7444,True,False,moderate_growth,False,False,True,False
pakenham,2,house,453.0,413,South Eastern Melbourne,54118.0,1664.0,55.1,5.3,65.2,958.075465,-38.073578,145.485168,7.0,91.0,7.0,low,False,True,False,False,False,54.14332250156588,1594.23757376,61.7444,False,True,moderate_growth,False,False,True,False
pakenham,3,flat,488.0,512,South Eastern Melbourne,54118.0,1664.0,55.1,5.3,65.2,958.075465,-38.073578,145.485168,7.0,91.0,7.0,low,False,True,False,False,False,54.14332250156588,1594.23757376,61.7444,True,False,moderate_growth,False,False,True,False
pakenham,3,house,517.0,3322,South Eastern Melbourne,54118.0,1664.0,55.1,5.3,65.2,958.075465,-38.073578,145.485168,7.0,91.0,7.0,low,False,True,False,False,False,54.14332250156588,1594.23757376,61.7444,False,True,moderate_growth,False,False,True,False
pakenham,4,house,584.0,3010,South Eastern Melbourne,54118.0,1664.0,55.1,5.3,65.2,958.075465,-38.073578,145.485168,7.0,91.0,7.0,low,False,True,False,False,False,54.14332250156588,1594.23757376,61.7444,False,True,moderate_growth,False,False,True,False
parkdale,1,flat,402.0,901,Southern Melbourne,12308.0,2130.0,69.1,3.9,68.1,1089.799918,-37.991853,145.08129,7.0,65.0,4.0,high,False,False,False,True,False,22.36960021055894,2321.27382534,65.44409999999999,True,False,moderate_growth,False,False,True,False
parkdale,2,flat,537.0,2046,Southern Melbourne,12308.0,2130.0,69.1,3.9,68.1,1089.799918,-37.991853,145.08129,7.0,65.0,4.0,high,False,False,False,True,False,22.36960021055894,2321.27382534,65.44409999999999,True,False,moderate_growth,False,False,True,False
parkdale,2,house,591.0,220,Southern Melbourne,12308.0,2130.0,69.1,3.9,68.1,1089.799918,-37.991853,145.08129,7.0,65.0,4.0,high,False,False,False,True,False,22.36960021055894,2321.27382534,65.44409999999999,False,True,moderate_growth,False,False,True,False
parkdale,3,flat,722.6,489,Southern Melbourne,12308.0,2130.0,69.1,3.9,68.1,1089.799918,-37.991853,145.08129,7.0,65.0,4.0,high,False,False,False,True,False,22.36960021055894,2321.27382534,65.44409999999999,True,False,moderate_growth,False,False,True,False
parkdale,3,house,730.0,779,Southern Melbourne,12308.0,2130.0,69.1,3.9,68.1,1089.799918,-37.991853,145.08129,7.0,65.0,4.0,high,False,False,False,True,False,22.36960021055894,2321.27382534,65.44409999999999,False,True,moderate_growth,False,False,True,False
parkdale,4,house,894.6,469,Southern Melbourne,12308.0,2130.0,69.1,3.9,68.1,1089.799918,-37.991853,145.08129,7.0,65.0,4.0,high,False,False,False,True,False,22.36960021055894,2321.27382534,65.44409999999999,False,True,moderate_growth,False,False,True,False
parkville,1,flat,494.0,5407,Inner Melbourne,7074.0,1885.0,90.6,10.2,66.2,1101.650584,-37.786753,144.95133,0.0,29.0,-2.0,high,False,False,False,True,False,3.159292882058512,2076.61135084,59.4476,True,False,declining,True,False,False,False
parkville,2,flat,659.0,6226,Inner Melbourne,7074.0,1885.0,90.6,10.2,66.2,1101.650584,-37.786753,144.95133,0.0,29.0,-2.0,high,False,False,False,True,False,3.159292882058512,2076.61135084,59.4476,True,False,declining,True,False,False,False
parkville,2,house,654.0,294,Inner Melbourne,7074.0,1885.0,90.6,10.2,66.2,1101.650584,-37.786753,144.95133,0.0,29.0,-2.0,high,False,False,False,True,False,3.159292882058512,2076.61135084,59.4476,False,True,declining,True,False,False,False
parkville,3,flat,852.0,509,Inner Melbourne,7074.0,1885.0,90.6,10.2,66.2,1101.650584,-37.786753,144.95133,0.0,29.0,-2.0,high,False,False,False,True,False,3.159292882058512,2076.61135084,59.4476,True,False,declining,True,False,False,False
parkville,3,house,909.0,217,Inner Melbourne,7074.0,1885.0,90.6,10.2,66.2,1101.650584,-37.786753,144.95133,0.0,29.0,-2.0,high,False,False,False,True,False,3.159292882058512,2076.61135084,59.4476,False,True,declining,True,False,False,False
parkville,4,house,1157.0,170,Inner Melbourne,7074.0,1885.0,90.6,10.2,66.2,1101.650584,-37.786753,144.95133,0.0,29.0,-2.0,high,False,False,False,True,False,3.159292882058512,2076.61135084,59.4476,False,True,declining,True,False,False,False
pascoe vale,1,flat,284.0,281,North Western Melbourne,18171.0,2025.0,71.2,4.8,68.1,1050.798013,-37.725056,144.938115,14.0,67.0,7.0,medium,False,False,True,False,False,10.087599101412518,2127.8659763250002,64.8312,True,False,strong_growth,False,False,False,True
pascoe vale,2,flat,498.0,1523,North Western Melbourne,18171.0,2025.0,71.2,4.8,68.1,1050.798013,-37.725056,144.938115,14.0,67.0,7.0,medium,False,False,True,False,False,10.087599101412518,2127.8659763250002,64.8312,True,False,strong_growth,False,False,False,True
pascoe vale,2,house,529.6,352,North Western Melbourne,18171.0,2025.0,71.2,4.8,68.1,1050.798013,-37.725056,144.938115,14.0,67.0,7.0,medium,False,False,True,False,False,10.087599101412518,2127.8659763250002,64.8312,False,True,strong_growth,False,False,False,True
pascoe vale,3,flat,617.2,533,North Western Melbourne,18171.0,2025.0,71.2,4.8,68.1,1050.798013,-37.725056,144.938115,14.0,67.0,7.0,medium,False,False,True,False,False,10.087599101412518,2127.8659763250002,64.8312,True,False,strong_growth,False,False,False,True
pascoe vale,3,house,615.0,799,North Western Melbourne,18171.0,2025.0,71.2,4.8,68.1,1050.798013,-37.725056,144.938115,14.0,67.0,7.0,medium,False,False,True,False,False,10.087599101412518,2127.8659763250002,64.8312,False,True,strong_growth,False,False,False,True
pascoe vale,4,house,793.6,302,North Western Melbourne,18171.0,2025.0,71.2,4.8,68.1,1050.798013,-37.725056,144.938115,14.0,67.0,7.0,medium,False,False,True,False,False,10.087599101412518,2127.8659763250002,64.8312,False,True,strong_growth,False,False,False,True
pascoe vale south,1,flat,432.6,889,North Western Melbourne,10534.0,2246.0,70.8,3.7,68.6,1075.88296,-37.743295,144.938496,2.0,67.0,4.0,high,False,False,False,True,False,8.111107726731008,2416.43312816,66.06179999999999,True,False,slow_growth,False,True,False,False
pascoe vale south,2,flat,537.0,1701,North Western Melbourne,10534.0,2246.0,70.8,3.7,68.6,1075.88296,-37.743295,144.938496,2.0,67.0,4.0,high,False,False,False,True,False,8.111107726731008,2416.43312816,66.06179999999999,True,False,slow_growth,False,True,False,False
pascoe vale south,2,house,568.6,691,North Western Melbourne,10534.0,2246.0,70.8,3.7,68.6,1075.88296,-37.743295,144.938496,2.0,67.0,4.0,high,False,False,False,True,False,8.111107726731008,2416.43312816,66.06179999999999,False,True,slow_growth,False,True,False,False
pascoe vale south,3,flat,681.0,290,North Western Melbourne,10534.0,2246.0,70.8,3.7,68.6,1075.88296,-37.743295,144.938496,2.0,67.0,4.0,high,False,False,False,True,False,8.111107726731008,2416.43312816,66.06179999999999,True,False,slow_growth,False,True,False,False
pascoe vale south,3,house,700.0,1329,North Western Melbourne,10534.0,2246.0,70.8,3.7,68.6,1075.88296,-37.743295,144.938496,2.0,67.0,4.0,high,False,False,False,True,False,8.111107726731008,2416.43312816,66.06179999999999,False,True,slow_growth,False,True,False,False
pascoe vale south,4,house,848.6,419,North Western Melbourne,10534.0,2246.0,70.8,3.7,68.6,1075.88296,-37.743295,144.938496,2.0,67.0,4.0,high,False,False,False,True,False,8.111107726731008,2416.43312816,66.06179999999999,False,True,slow_growth,False,True,False,False
port melbourne,1,flat,539.0,1174,Inner Melbourne,17633.0,2372.0,77.0,4.0,67.1,1111.5597,-37.833322,144.922201,0.0,28.0,-3.0,very_high,False,False,False,False,True,4.208772989781726,2636.6196084000003,64.416,True,False,declining,True,False,False,False
port melbourne,2,flat,716.0,1924,Inner Melbourne,17633.0,2372.0,77.0,4.0,67.1,1111.5597,-37.833322,144.922201,0.0,28.0,-3.0,very_high,False,False,False,False,True,4.208772989781726,2636.6196084000003,64.416,True,False,declining,True,False,False,False
port melbourne,2,house,716.0,414,Inner Melbourne,17633.0,2372.0,77.0,4.0,67.1,1111.5597,-37.833322,144.922201,0.0,28.0,-3.0,very_high,False,False,False,False,True,4.208772989781726,2636.6196084000003,64.416,False,True,declining,True,False,False,False
port melbourne,3,flat,1129.6,561,Inner Melbourne,17633.0,2372.0,77.0,4.0,67.1,1111.5597,-37.833322,144.922201,0.0,28.0,-3.0,very_high,False,False,False,False,True,4.208772989781726,2636.6196084000003,64.416,True,False,declining,True,False,False,False
port melbourne,3,house,976.6,633,Inner Melbourne,17633.0,2372.0,77.0,4.0,67.1,1111.5597,-37.833322,144.922201,0.0,28.0,-3.0,very_high,False,False,False,False,True,4.208772989781726,2636.6196084000003,64.416,False,True,declining,True,False,False,False
port melbourne,4,house,1155.0,200,Inner Melbourne,17633.0,2372.0,77.0,4.0,67.1,1111.5597,-37.833322,144.922201,0.0,28.0,-3.0,very_high,False,False,False,False,True,4.208772989781726,2636.6196084000003,64.416,False,True,declining,True,False,False,False
portland,1,flat,293.0,80,Other Regional Centres,10016.0,1146.0,37.8,5.4,52.1,890.8715604,-38.361201,141.603687,5.0,98.0,-5.0,very_low,True,False,False,False,False,300.2303043475446,1020.9388082184,49.2866,True,False,slow_growth,False,True,False,False
portland,2,flat,349.0,363,Other Regional Centres,10016.0,1146.0,37.8,5.4,52.1,890.8715604,-38.361201,141.603687,5.0,98.0,-5.0,very_low,True,False,False,False,False,300.2303043475446,1020.9388082184,49.2866,True,False,slow_growth,False,True,False,False
portland,2,house,378.6,115,Other Regional Centres,10016.0,1146.0,37.8,5.4,52.1,890.8715604,-38.361201,141.603687,5.0,98.0,-5.0,very_low,True,False,False,False,False,300.2303043475446,1020.9388082184,49.2866,False,True,slow_growth,False,True,False,False
portland,3,flat,433.0,62,Other Regional Centres,10016.0,1146.0,37.8,5.4,52.1,890.8715604,-38.361201,141.603687,5.0,98.0,-5.0,very_low,True,False,False,False,False,300.2303043475446,1020.9388082184,49.2866,True,False,slow_growth,False,True,False,False
portland,3,house,424.0,687,Other Regional Centres,10016.0,1146.0,37.8,5.4,52.1,890.8715604,-38.361201,141.603687,5.0,98.0,-5.0,very_low,True,False,False,False,False,300.2303043475446,1020.9388082184,49.2866,False,True,slow_growth,False,True,False,False
portland,4,house,554.6,234,Other Regional Centres,10016.0,1146.0,37.8,5.4,52.1,890.8715604,-38.361201,141.603687,5.0,98.0,-5.0,very_low,True,False,False,False,False,300.2303043475446,1020.9388082184,49.2866,False,True,slow_growth,False,True,False,False
portsea,1,flat,398.6,107,Mornington Peninsula,787.0,2470.0,76.4,2.3,40.9,1135.640904,-38.32277,144.700405,4.0,108.0,0.0,very_high,False,False,False,False,True,61.10919884001944,2805.0330328800005,39.9593,True,False,slow_growth,False,True,False,False
portsea,2,flat,461.2,862,Mornington Peninsula,787.0,2470.0,76.4,2.3,40.9,1135.640904,-38.32277,144.700405,4.0,108.0,0.0,very_high,False,False,False,False,True,61.10919884001944,2805.0330328800005,39.9593,True,False,slow_growth,False,True,False,False
portsea,2,house,474.0,732,Mornington Peninsula,787.0,2470.0,76.4,2.3,40.9,1135.640904,-38.32277,144.700405,4.0,108.0,0.0,very_high,False,False,False,False,True,61.10919884001944,2805.0330328800005,39.9593,False,True,slow_growth,False,True,False,False
portsea,3,flat,581.0,809,Mornington Peninsula,787.0,2470.0,76.4,2.3,40.9,1135.640904,-38.32277,144.700405,4.0,108.0,0.0,very_high,False,False,False,False,True,61.10919884001944,2805.0330328800005,39.9593,True,False,slow_growth,False,True,False,False
portsea,3,house,556.0,3483,Mornington Peninsula,787.0,2470.0,76.4,2.3,40.9,1135.640904,-38.32277,144.700405,4.0,108.0,0.0,very_high,False,False,False,False,True,61.10919884001944,2805.0330328800005,39.9593,False,True,slow_growth,False,True,False,False
portsea,4,house,724.0,1627,Mornington Peninsula,787.0,2470.0,76.4,2.3,40.9,1135.640904,-38.32277,144.700405,4.0,108.0,0.0,very_high,False,False,False,False,True,61.10919884001944,2805.0330328800005,39.9593,False,True,slow_growth,False,True,False,False
prahran,1,flat,447.0,4474,Inner Melbourne,12203.0,2121.0,86.3,3.5,75.6,1128.714864,-37.851773,145.000401,1.0,24.0,-14.0,very_high,False,False,False,False,True,5.361740900797677,2394.004226544,72.954,True,False,slow_growth,False,True,False,False
prahran,2,flat,624.0,3730,Inner Melbourne,12203.0,2121.0,86.3,3.5,75.6,1128.714864,-37.851773,145.000401,1.0,24.0,-14.0,very_high,False,False,False,False,True,5.361740900797677,2394.004226544,72.954,True,False,slow_growth,False,True,False,False
prahran,2,house,759.4,901,Inner Melbourne,12203.0,2121.0,86.3,3.5,75.6,1128.714864,-37.851773,145.000401,1.0,24.0,-14.0,very_high,False,False,False,False,True,5.361740900797677,2394.004226544,72.954,False,True,slow_growth,False,True,False,False
prahran,3,flat,913.0,517,Inner Melbourne,12203.0,2121.0,86.3,3.5,75.6,1128.714864,-37.851773,145.000401,1.0,24.0,-14.0,very_high,False,False,False,False,True,5.361740900797677,2394.004226544,72.954,True,False,slow_growth,False,True,False,False
prahran,3,house,963.6,750,Inner Melbourne,12203.0,2121.0,86.3,3.5,75.6,1128.714864,-37.851773,145.000401,1.0,24.0,-14.0,very_high,False,False,False,False,True,5.361740900797677,2394.004226544,72.954,False,True,slow_growth,False,True,False,False
prahran,4,house,1332.0,135,Inner Melbourne,12203.0,2121.0,86.3,3.5,75.6,1128.714864,-37.851773,145.000401,1.0,24.0,-14.0,very_high,False,False,False,False,True,5.361740900797677,2394.004226544,72.954,False,True,slow_growth,False,True,False,False
preston,1,flat,415.0,1604,North Eastern Melbourne,33790.0,1844.0,72.8,5.5,67.4,1039.752341,-37.741775,145.00795,2.0,52.0,-3.0,medium,False,False,True,False,False,8.906340673282681,1917.3033168039997,63.693000000000005,True,False,slow_growth,False,True,False,False
preston,2,flat,532.0,2868,North Eastern Melbourne,33790.0,1844.0,72.8,5.5,67.4,1039.752341,-37.741775,145.00795,2.0,52.0,-3.0,medium,False,False,True,False,False,8.906340673282681,1917.3033168039997,63.693000000000005,True,False,slow_growth,False,True,False,False
preston,2,house,574.6,497,North Eastern Melbourne,33790.0,1844.0,72.8,5.5,67.4,1039.752341,-37.741775,145.00795,2.0,52.0,-3.0,medium,False,False,True,False,False,8.906340673282681,1917.3033168039997,63.693000000000005,False,True,slow_growth,False,True,False,False
preston,3,flat,680.6,456,North Eastern Melbourne,33790.0,1844.0,72.8,5.5,67.4,1039.752341,-37.741775,145.00795,2.0,52.0,-3.0,medium,False,False,True,False,False,8.906340673282681,1917.3033168039997,63.693000000000005,True,False,slow_growth,False,True,False,False
preston,3,house,655.0,1171,North Eastern Melbourne,33790.0,1844.0,72.8,5.5,67.4,1039.752341,-37.741775,145.00795,2.0,52.0,-3.0,medium,False,False,True,False,False,8.906340673282681,1917.3033168039997,63.693000000000005,False,True,slow_growth,False,True,False,False
preston,4,house,873.0,256,North Eastern Melbourne,33790.0,1844.0,72.8,5.5,67.4,1039.752341,-37.741775,145.00795,2.0,52.0,-3.0,medium,False,False,True,False,False,8.906340673282681,1917.3033168039997,63.693000000000005,False,True,slow_growth,False,True,False,False
research,1,flat,352.0,134,North Eastern Melbourne,2695.0,2876.0,65.8,3.1,68.8,1107.144711,-37.706601,145.189031,8.0,99.0,0.0,high,False,False,False,True,False,23.1522527473704,3184.148188836,66.6672,True,False,moderate_growth,False,False,True,False
research,2,flat,486.0,427,North Eastern Melbourne,2695.0,2876.0,65.8,3.1,68.8,1107.144711,-37.706601,145.189031,8.0,99.0,0.0,high,False,False,False,True,False,23.1522527473704,3184.148188836,66.6672,True,False,moderate_growth,False,False,True,False
research,2,house,494.0,97,North Eastern Melbourne,2695.0,2876.0,65.8,3.1,68.8,1107.144711,-37.706601,145.189031,8.0,99.0,0.0,high,False,False,False,True,False,23.1522527473704,3184.148188836,66.6672,False,True,moderate_growth,False,False,True,False
research,3,flat,612.8,302,North Eastern Melbourne,2695.0,2876.0,65.8,3.1,68.8,1107.144711,-37.706601,145.189031,8.0,99.0,0.0,high,False,False,False,True,False,23.1522527473704,3184.148188836,66.6672,True,False,moderate_growth,False,False,True,False
research,3,house,642.0,790,North Eastern Melbourne,2695.0,2876.0,65.8,3.1,68.8,1107.144711,-37.706601,145.189031,8.0,99.0,0.0,high,False,False,False,True,False,23.1522527473704,3184.148188836,66.6672,False,True,moderate_growth,False,False,True,False
research,4,house,805.2,430,North Eastern Melbourne,2695.0,2876.0,65.8,3.1,68.8,1107.144711,-37.706601,145.189031,8.0,99.0,0.0,high,False,False,False,True,False,23.1522527473704,3184.148188836,66.6672,False,True,moderate_growth,False,False,True,False
reservoir,1,flat,397.6,667,North Eastern Melbourne,51096.0,1541.0,64.6,5.9,60.1,987.9404371,-37.712155,145.00684,4.0,54.0,4.0,low,False,True,False,False,False,11.917469780806726,1522.4162135711001,56.5541,True,False,slow_growth,False,True,False,False
reservoir,2,flat,486.0,3229,North Eastern Melbourne,51096.0,1541.0,64.6,5.9,60.1,987.9404371,-37.712155,145.00684,4.0,54.0,4.0,low,False,True,False,False,False,11.917469780806726,1522.4162135711001,56.5541,True,False,slow_growth,False,True,False,False
reservoir,2,house,496.0,660,North Eastern Melbourne,51096.0,1541.0,64.6,5.9,60.1,987.9404371,-37.712155,145.00684,4.0,54.0,4.0,low,False,True,False,False,False,11.917469780806726,1522.4162135711001,56.5541,False,True,slow_growth,False,True,False,False
reservoir,3,flat,595.0,1120,North Eastern Melbourne,51096.0,1541.0,64.6,5.9,60.1,987.9404371,-37.712155,145.00684,4.0,54.0,4.0,low,False,True,False,False,False,11.917469780806726,1522.4162135711001,56.5541,True,False,slow_growth,False,True,False,False
reservoir,3,house,554.0,1610,North Eastern Melbourne,51096.0,1541.0,64.6,5.9,60.1,987.9404371,-37.712155,145.00684,4.0,54.0,4.0,low,False,True,False,False,False,11.917469780806726,1522.4162135711001,56.5541,False,True,slow_growth,False,True,False,False
reservoir,4,house,672.0,330,North Eastern Melbourne,51096.0,1541.0,64.6,5.9,60.1,987.9404371,-37.712155,145.00684,4.0,54.0,4.0,low,False,True,False,False,False,11.917469780806726,1522.4162135711001,56.5541,False,True,slow_growth,False,True,False,False
richmond,1,flat,501.0,4448,Inner Melbourne,28587.0,2245.0,83.1,3.5,74.8,1103.618219,-37.820294,145.002441,0.0,22.0,3.0,high,False,False,False,True,False,3.5350085584887214,2477.6229016549996,72.18199999999999,True,False,declining,True,False,False,False
richmond,2,flat,692.6,4439,Inner Melbourne,28587.0,2245.0,83.1,3.5,74.8,1103.618219,-37.820294,145.002441,0.0,22.0,3.0,high,False,False,False,True,False,3.5350085584887214,2477.6229016549996,72.18199999999999,True,False,declining,True,False,False,False
richmond,2,house,737.6,1331,Inner Melbourne,28587.0,2245.0,83.1,3.5,74.8,1103.618219,-37.820294,145.002441,0.0,22.0,3.0,high,False,False,False,True,False,3.5350085584887214,2477.6229016549996,72.18199999999999,False,True,declining,True,False,False,False
richmond,3,flat,1003.0,663,Inner Melbourne,28587.0,2245.0,83.1,3.5,74.8,1103.618219,-37.820294,145.002441,0.0,22.0,3.0,high,False,False,False,True,False,3.5350085584887214,2477.6229016549996,72.18199999999999,True,False,declining,True,False,False,False
richmond,3,house,969.0,1128,Inner Melbourne,28587.0,2245.0,83.1,3.5,74.8,1103.618219,-37.820294,145.002441,0.0,22.0,3.0,high,False,False,False,True,False,3.5350085584887214,2477.6229016549996,72.18199999999999,False,True,declining,True,False,False,False
richmond,4,house,1276.0,217,Inner Melbourne,28587.0,2245.0,83.1,3.5,74.8,1103.618219,-37.820294,145.002441,0.0,22.0,3.0,high,False,False,False,True,False,3.5350085584887214,2477.6229016549996,72.18199999999999,False,True,declining,True,False,False,False
ringwood,1,flat,419.0,290,Outer Eastern Melbourne,19144.0,1654.0,66.9,4.5,63.9,1021.680585,-37.811426,145.233461,3.0,36.0,2.0,medium,False,False,True,False,False,23.75144695485155,1689.85968759,61.024499999999996,True,False,slow_growth,False,True,False,False
ringwood,2,flat,502.0,2278,Outer Eastern Melbourne,19144.0,1654.0,66.9,4.5,63.9,1021.680585,-37.811426,145.233461,3.0,36.0,2.0,medium,False,False,True,False,False,23.75144695485155,1689.85968759,61.024499999999996,True,False,slow_growth,False,True,False,False
ringwood,2,house,510.4,423,Outer Eastern Melbourne,19144.0,1654.0,66.9,4.5,63.9,1021.680585,-37.811426,145.233461,3.0,36.0,2.0,medium,False,False,True,False,False,23.75144695485155,1689.85968759,61.024499999999996,False,True,slow_growth,False,True,False,False
ringwood,3,flat,616.0,594,Outer Eastern Melbourne,19144.0,1654.0,66.9,4.5,63.9,1021.680585,-37.811426,145.233461,3.0,36.0,2.0,medium,False,False,True,False,False,23.75144695485155,1689.85968759,61.024499999999996,True,False,slow_growth,False,True,False,False
ringwood,3,house,593.6,1523,Outer Eastern Melbourne,19144.0,1654.0,66.9,4.5,63.9,1021.680585,-37.811426,145.233461,3.0,36.0,2.0,medium,False,False,True,False,False,23.75144695485155,1689.85968759,61.024499999999996,False,True,slow_growth,False,True,False,False
ringwood,4,house,706.0,791,Outer Eastern Melbourne,19144.0,1654.0,66.9,4.5,63.9,1021.680585,-37.811426,145.233461,3.0,36.0,2.0,medium,False,False,True,False,False,23.75144695485155,1689.85968759,61.024499999999996,False,True,slow_growth,False,True,False,False
rowville,2,flat,525.0,128,Outer Eastern Melbourne,33571.0,2205.0,65.6,4.4,68.0,1055.517765,-37.924279,145.243821,10.0,62.0,9.0,medium,False,False,True,False,False,27.543804001892315,2327.416671825,65.008,True,False,moderate_growth,False,False,True,False
rowville,2,house,545.0,39,Outer Eastern Melbourne,33571.0,2205.0,65.6,4.4,68.0,1055.517765,-37.924279,145.243821,10.0,62.0,9.0,medium,False,False,True,False,False,27.543804001892315,2327.416671825,65.008,False,True,moderate_growth,False,False,True,False
rowville,3,flat,612.6,231,Outer Eastern Melbourne,33571.0,2205.0,65.6,4.4,68.0,1055.517765,-37.924279,145.243821,10.0,62.0,9.0,medium,False,False,True,False,False,27.543804001892315,2327.416671825,65.008,True,False,moderate_growth,False,False,True,False
rowville,3,house,594.0,742,Outer Eastern Melbourne,33571.0,2205.0,65.6,4.4,68.0,1055.517765,-37.924279,145.243821,10.0,62.0,9.0,medium,False,False,True,False,False,27.543804001892315,2327.416671825,65.008,False,True,moderate_growth,False,False,True,False
rowville,4,house,720.6,618,Outer Eastern Melbourne,33571.0,2205.0,65.6,4.4,68.0,1055.517765,-37.924279,145.243821,10.0,62.0,9.0,medium,False,False,True,False,False,27.543804001892315,2327.416671825,65.008,False,True,moderate_growth,False,False,True,False
roxburgh park,1,flat,332.8,518,North Western Melbourne,24129.0,1629.0,58.7,10.7,51.6,907.0267886,-37.625748,144.925331,6.0,75.0,4.0,very_low,True,False,False,False,False,21.150705691260523,1477.5466386294,46.0788,True,False,moderate_growth,False,False,True,False
roxburgh park,2,flat,463.0,1049,North Western Melbourne,24129.0,1629.0,58.7,10.7,51.6,907.0267886,-37.625748,144.925331,6.0,75.0,4.0,very_low,True,False,False,False,False,21.150705691260523,1477.5466386294,46.0788,True,False,moderate_growth,False,False,True,False
roxburgh park,2,house,456.0,366,North Western Melbourne,24129.0,1629.0,58.7,10.7,51.6,907.0267886,-37.625748,144.925331,6.0,75.0,4.0,very_low,True,False,False,False,False,21.150705691260523,1477.5466386294,46.0788,False,True,moderate_growth,False,False,True,False
roxburgh park,3,flat,511.0,626,North Western Melbourne,24129.0,1629.0,58.7,10.7,51.6,907.0267886,-37.625748,144.925331,6.0,75.0,4.0,very_low,True,False,False,False,False,21.150705691260523,1477.5466386294,46.0788,True,False,moderate_growth,False,False,True,False
roxburgh park,3,house,498.2,2996,North Western Melbourne,24129.0,1629.0,58.7,10.7,51.6,907.0267886,-37.625748,144.925331,6.0,75.0,4.0,very_low,True,False,False,False,False,21.150705691260523,1477.5466386294,46.0788,False,True,moderate_growth,False,False,True,False
roxburgh park,4,house,606.0,1834,North Western Melbourne,24129.0,1629.0,58.7,10.7,51.6,907.0267886,-37.625748,144.925331,6.0,75.0,4.0,very_low,True,False,False,False,False,21.150705691260523,1477.5466386294,46.0788,False,True,moderate_growth,False,False,True,False
sale,1,flat,256.2,234,Other Regional Centres,14296.0,1327.0,47.0,5.1,55.1,950.9573321,-38.103802,147.077286,7.0,74.0,7.0,low,False,True,False,False,False,188.13862966096,1261.9203796967,52.289899999999996,True,False,moderate_growth,False,False,True,False
sale,2,flat,360.0,662,Other Regional Centres,14296.0,1327.0,47.0,5.1,55.1,950.9573321,-38.103802,147.077286,7.0,74.0,7.0,low,False,True,False,False,False,188.13862966096,1261.9203796967,52.289899999999996,True,False,moderate_growth,False,False,True,False
sale,2,house,390.0,251,Other Regional Centres,14296.0,1327.0,47.0,5.1,55.1,950.9573321,-38.103802,147.077286,7.0,74.0,7.0,low,False,True,False,False,False,188.13862966096,1261.9203796967,52.289899999999996,False,True,moderate_growth,False,False,True,False
sale,3,flat,458.0,174,Other Regional Centres,14296.0,1327.0,47.0,5.1,55.1,950.9573321,-38.103802,147.077286,7.0,74.0,7.0,low,False,True,False,False,False,188.13862966096,1261.9203796967,52.289899999999996,True,False,moderate_growth,False,False,True,False
sale,3,house,446.0,1292,Other Regional Centres,14296.0,1327.0,47.0,5.1,55.1,950.9573321,-38.103802,147.077286,7.0,74.0,7.0,low,False,True,False,False,False,188.13862966096,1261.9203796967,52.289899999999996,False,True,moderate_growth,False,False,True,False
sale,4,house,534.6,801,Other Regional Centres,14296.0,1327.0,47.0,5.1,55.1,950.9573321,-38.103802,147.077286,7.0,74.0,7.0,low,False,True,False,False,False,188.13862966096,1261.9203796967,52.289899999999996,False,True,moderate_growth,False,False,True,False
scoresby,1,flat,374.2,245,Outer Eastern Melbourne,6066.0,1965.0,64.9,5.0,65.8,1026.160534,-37.901646,145.218577,3.0,51.0,-2.0,medium,False,False,True,False,False,24.47261432095945,2016.4054493100002,62.50999999999999,True,False,slow_growth,False,True,False,False
scoresby,2,flat,518.0,524,Outer Eastern Melbourne,6066.0,1965.0,64.9,5.0,65.8,1026.160534,-37.901646,145.218577,3.0,51.0,-2.0,medium,False,False,True,False,False,24.47261432095945,2016.4054493100002,62.50999999999999,True,False,slow_growth,False,True,False,False
scoresby,2,house,528.0,115,Outer Eastern Melbourne,6066.0,1965.0,64.9,5.0,65.8,1026.160534,-37.901646,145.218577,3.0,51.0,-2.0,medium,False,False,True,False,False,24.47261432095945,2016.4054493100002,62.50999999999999,False,True,slow_growth,False,True,False,False
scoresby,3,flat,596.4,594,Outer Eastern Melbourne,6066.0,1965.0,64.9,5.0,65.8,1026.160534,-37.901646,145.218577,3.0,51.0,-2.0,medium,False,False,True,False,False,24.47261432095945,2016.4054493100002,62.50999999999999,True,False,slow_growth,False,True,False,False
scoresby,3,house,579.4,1508,Outer Eastern Melbourne,6066.0,1965.0,64.9,5.0,65.8,1026.160534,-37.901646,145.218577,3.0,51.0,-2.0,medium,False,False,True,False,False,24.47261432095945,2016.4054493100002,62.50999999999999,False,True,slow_growth,False,True,False,False
scoresby,4,house,694.0,1198,Outer Eastern Melbourne,6066.0,1965.0,64.9,5.0,65.8,1026.160534,-37.901646,145.218577,3.0,51.0,-2.0,medium,False,False,True,False,False,24.47261432095945,2016.4054493100002,62.50999999999999,False,True,slow_growth,False,True,False,False
seaford,1,flat,363.6,295,Mornington Peninsula,17215.0,1500.0,55.9,5.0,61.6,979.0337603,-38.104738,145.138468,7.0,89.0,3.0,low,False,True,False,False,False,35.838500494821275,1468.5506404500002,58.519999999999996,True,False,moderate_growth,False,False,True,False
seaford,2,flat,460.0,1108,Mornington Peninsula,17215.0,1500.0,55.9,5.0,61.6,979.0337603,-38.104738,145.138468,7.0,89.0,3.0,low,False,True,False,False,False,35.838500494821275,1468.5506404500002,58.519999999999996,True,False,moderate_growth,False,False,True,False
seaford,2,house,479.6,193,Mornington Peninsula,17215.0,1500.0,55.9,5.0,61.6,979.0337603,-38.104738,145.138468,7.0,89.0,3.0,low,False,True,False,False,False,35.838500494821275,1468.5506404500002,58.519999999999996,False,True,moderate_growth,False,False,True,False
seaford,3,flat,549.0,742,Mornington Peninsula,17215.0,1500.0,55.9,5.0,61.6,979.0337603,-38.104738,145.138468,7.0,89.0,3.0,low,False,True,False,False,False,35.838500494821275,1468.5506404500002,58.519999999999996,True,False,moderate_growth,False,False,True,False
seaford,3,house,544.0,2937,Mornington Peninsula,17215.0,1500.0,55.9,5.0,61.6,979.0337603,-38.104738,145.138468,7.0,89.0,3.0,low,False,True,False,False,False,35.838500494821275,1468.5506404500002,58.519999999999996,False,True,moderate_growth,False,False,True,False
seaford,4,house,655.0,1180,Mornington Peninsula,17215.0,1500.0,55.9,5.0,61.6,979.0337603,-38.104738,145.138468,7.0,89.0,3.0,low,False,True,False,False,False,35.838500494821275,1468.5506404500002,58.519999999999996,False,True,moderate_growth,False,False,True,False
sebastopol,1,flat,294.0,378,Ballarat,10194.0,1013.0,40.6,6.9,51.4,853.4784655,-37.600182,143.835661,14.0,94.0,4.0,very_low,True,False,False,False,False,101.9816624104295,864.5736855514999,47.8534,True,False,strong_growth,False,False,False,True
sebastopol,2,flat,342.0,558,Ballarat,10194.0,1013.0,40.6,6.9,51.4,853.4784655,-37.600182,143.835661,14.0,94.0,4.0,very_low,True,False,False,False,False,101.9816624104295,864.5736855514999,47.8534,True,False,strong_growth,False,False,False,True
sebastopol,2,house,351.6,339,Ballarat,10194.0,1013.0,40.6,6.9,51.4,853.4784655,-37.600182,143.835661,14.0,94.0,4.0,very_low,True,False,False,False,False,101.9816624104295,864.5736855514999,47.8534,False,True,strong_growth,False,False,False,True
sebastopol,3,flat,384.0,189,Ballarat,10194.0,1013.0,40.6,6.9,51.4,853.4784655,-37.600182,143.835661,14.0,94.0,4.0,very_low,True,False,False,False,False,101.9816624104295,864.5736855514999,47.8534,True,False,strong_growth,False,False,False,True
sebastopol,3,house,394.0,1831,Ballarat,10194.0,1013.0,40.6,6.9,51.4,853.4784655,-37.600182,143.835661,14.0,94.0,4.0,very_low,True,False,False,False,False,101.9816624104295,864.5736855514999,47.8534,False,True,strong_growth,False,False,False,True
sebastopol,4,house,451.0,3922,Ballarat,10194.0,1013.0,40.6,6.9,51.4,853.4784655,-37.600182,143.835661,14.0,94.0,4.0,very_low,True,False,False,False,False,101.9816624104295,864.5736855514999,47.8534,False,True,strong_growth,False,False,False,True
seddon,1,flat,379.2,609,Outer Western Melbourne,5143.0,2471.0,79.3,4.2,75.8,1109.21048,-37.806627,144.891676,-3.0,29.0,16.0,very_high,False,False,False,False,True,6.322266230591812,2740.85909608,72.6164,True,False,declining,True,False,False,False
seddon,2,flat,508.0,1269,Outer Western Melbourne,5143.0,2471.0,79.3,4.2,75.8,1109.21048,-37.806627,144.891676,-3.0,29.0,16.0,very_high,False,False,False,False,True,6.322266230591812,2740.85909608,72.6164,True,False,declining,True,False,False,False
seddon,2,house,608.0,900,Outer Western Melbourne,5143.0,2471.0,79.3,4.2,75.8,1109.21048,-37.806627,144.891676,-3.0,29.0,16.0,very_high,False,False,False,False,True,6.322266230591812,2740.85909608,72.6164,False,True,declining,True,False,False,False
seddon,3,flat,698.0,178,Outer Western Melbourne,5143.0,2471.0,79.3,4.2,75.8,1109.21048,-37.806627,144.891676,-3.0,29.0,16.0,very_high,False,False,False,False,True,6.322266230591812,2740.85909608,72.6164,True,False,declining,True,False,False,False
seddon,3,house,702.0,1522,Outer Western Melbourne,5143.0,2471.0,79.3,4.2,75.8,1109.21048,-37.806627,144.891676,-3.0,29.0,16.0,very_high,False,False,False,False,True,6.322266230591812,2740.85909608,72.6164,False,True,declining,True,False,False,False
seddon,4,house,856.0,254,Outer Western Melbourne,5143.0,2471.0,79.3,4.2,75.8,1109.21048,-37.806627,144.891676,-3.0,29.0,16.0,very_high,False,False,False,False,True,6.322266230591812,2740.85909608,72.6164,False,True,declining,True,False,False,False
seymour,1,flat,282.8,76,Other Regional Centres,6569.0,1165.0,40.0,5.9,51.3,883.5315207,-37.016009,145.162149,-1.0,95.0,-7.0,very_low,True,False,False,False,False,90.41348907031872,1029.3142216155,48.27329999999999,True,False,declining,True,False,False,False
seymour,2,flat,352.0,181,Other Regional Centres,6569.0,1165.0,40.0,5.9,51.3,883.5315207,-37.016009,145.162149,-1.0,95.0,-7.0,very_low,True,False,False,False,False,90.41348907031872,1029.3142216155,48.27329999999999,True,False,declining,True,False,False,False
seymour,2,house,384.0,73,Other Regional Centres,6569.0,1165.0,40.0,5.9,51.3,883.5315207,-37.016009,145.162149,-1.0,95.0,-7.0,very_low,True,False,False,False,False,90.41348907031872,1029.3142216155,48.27329999999999,False,True,declining,True,False,False,False
seymour,3,house,410.0,468,Other Regional Centres,6569.0,1165.0,40.0,5.9,51.3,883.5315207,-37.016009,145.162149,-1.0,95.0,-7.0,very_low,True,False,False,False,False,90.41348907031872,1029.3142216155,48.27329999999999,False,True,declining,True,False,False,False
seymour,4,house,526.0,223,Other Regional Centres,6569.0,1165.0,40.0,5.9,51.3,883.5315207,-37.016009,145.162149,-1.0,95.0,-7.0,very_low,True,False,False,False,False,90.41348907031872,1029.3142216155,48.27329999999999,False,True,declining,True,False,False,False
shepparton,1,flat,278.0,610,Other Regional Centres,32067.0,1285.0,46.3,5.6,54.0,897.2335982,-36.372295,145.397768,6.0,98.0,7.0,very_low,True,False,False,False,False,164.83705598496257,1152.945173687,50.976,True,False,moderate_growth,False,False,True,False
shepparton,2,flat,363.6,1673,Other Regional Centres,32067.0,1285.0,46.3,5.6,54.0,897.2335982,-36.372295,145.397768,6.0,98.0,7.0,very_low,True,False,False,False,False,164.83705598496257,1152.945173687,50.976,True,False,moderate_growth,False,False,True,False
shepparton,2,house,381.0,326,Other Regional Centres,32067.0,1285.0,46.3,5.6,54.0,897.2335982,-36.372295,145.397768,6.0,98.0,7.0,very_low,True,False,False,False,False,164.83705598496257,1152.945173687,50.976,False,True,moderate_growth,False,False,True,False
shepparton,3,flat,476.0,417,Other Regional Centres,32067.0,1285.0,46.3,5.6,54.0,897.2335982,-36.372295,145.397768,6.0,98.0,7.0,very_low,True,False,False,False,False,164.83705598496257,1152.945173687,50.976,True,False,moderate_growth,False,False,True,False
shepparton,3,house,457.0,2898,Other Regional Centres,32067.0,1285.0,46.3,5.6,54.0,897.2335982,-36.372295,145.397768,6.0,98.0,7.0,very_low,True,False,False,False,False,164.83705598496257,1152.945173687,50.976,False,True,moderate_growth,False,False,True,False
shepparton,4,house,578.0,1287,Other Regional Centres,32067.0,1285.0,46.3,5.6,54.0,897.2335982,-36.372295,145.397768,6.0,98.0,7.0,very_low,True,False,False,False,False,164.83705598496257,1152.945173687,50.976,False,True,moderate_growth,False,False,True,False
south melbourne,1,flat,535.2,2124,Inner Melbourne,11548.0,2101.0,81.2,5.2,68.3,1093.208021,-37.833971,144.957358,11.0,30.0,0.0,high,False,False,False,True,False,2.320618103523578,2296.830052121,64.74839999999999,True,False,strong_growth,False,False,False,True
south melbourne,2,flat,684.0,2315,Inner Melbourne,11548.0,2101.0,81.2,5.2,68.3,1093.208021,-37.833971,144.957358,11.0,30.0,0.0,high,False,False,False,True,False,2.320618103523578,2296.830052121,64.74839999999999,True,False,strong_growth,False,False,False,True
south melbourne,2,house,723.8,306,Inner Melbourne,11548.0,2101.0,81.2,5.2,68.3,1093.208021,-37.833971,144.957358,11.0,30.0,0.0,high,False,False,False,True,False,2.320618103523578,2296.830052121,64.74839999999999,False,True,strong_growth,False,False,False,True
south melbourne,3,flat,959.0,323,Inner Melbourne,11548.0,2101.0,81.2,5.2,68.3,1093.208021,-37.833971,144.957358,11.0,30.0,0.0,high,False,False,False,True,False,2.320618103523578,2296.830052121,64.74839999999999,True,False,strong_growth,False,False,False,True
south melbourne,3,house,974.0,311,Inner Melbourne,11548.0,2101.0,81.2,5.2,68.3,1093.208021,-37.833971,144.957358,11.0,30.0,0.0,high,False,False,False,True,False,2.320618103523578,2296.830052121,64.74839999999999,False,True,strong_growth,False,False,False,True
south yarra,1,flat,493.0,6826,Inner Melbourne,25028.0,2063.0,87.8,4.0,72.9,1124.410448,-37.8393,144.991935,-15.0,16.0,4.0,very_high,False,False,False,False,True,3.818431622715702,2319.658754224,69.98400000000001,True,False,declining,True,False,False,False
south yarra,2,flat,694.0,6524,Inner Melbourne,25028.0,2063.0,87.8,4.0,72.9,1124.410448,-37.8393,144.991935,-15.0,16.0,4.0,very_high,False,False,False,False,True,3.818431622715702,2319.658754224,69.98400000000001,True,False,declining,True,False,False,False
south yarra,2,house,771.0,505,Inner Melbourne,25028.0,2063.0,87.8,4.0,72.9,1124.410448,-37.8393,144.991935,-15.0,16.0,4.0,very_high,False,False,False,False,True,3.818431622715702,2319.658754224,69.98400000000001,False,True,declining,True,False,False,False
south yarra,3,flat,1040.0,695,Inner Melbourne,25028.0,2063.0,87.8,4.0,72.9,1124.410448,-37.8393,144.991935,-15.0,16.0,4.0,very_high,False,False,False,False,True,3.818431622715702,2319.658754224,69.98400000000001,True,False,declining,True,False,False,False
south yarra,3,house,1100.0,464,Inner Melbourne,25028.0,2063.0,87.8,4.0,72.9,1124.410448,-37.8393,144.991935,-15.0,16.0,4.0,very_high,False,False,False,False,True,3.818431622715702,2319.658754224,69.98400000000001,False,True,declining,True,False,False,False
south yarra,4,house,1707.0,144,Inner Melbourne,25028.0,2063.0,87.8,4.0,72.9,1124.410448,-37.8393,144.991935,-15.0,16.0,4.0,very_high,False,False,False,False,True,3.818431622715702,2319.658754224,69.98400000000001,False,True,declining,True,False,False,False
southbank,1,flat,556.0,8019,Inner Melbourne,22631.0,1926.0,88.9,5.8,77.7,1106.418,-37.825842,144.962279,0.0,0.0,0.0,high,False,False,False,True,False,1.3631571653939905,2130.961068,73.1934,True,False,declining,True,False,False,False
southbank,2,flat,715.0,11885,Inner Melbourne,22631.0,1926.0,88.9,5.8,77.7,1106.418,-37.825842,144.962279,0.0,0.0,0.0,high,False,False,False,True,False,1.3631571653939905,2130.961068,73.1934,True,False,declining,True,False,False,False
southbank,3,flat,1012.0,1653,Inner Melbourne,22631.0,1926.0,88.9,5.8,77.7,1106.418,-37.825842,144.962279,0.0,0.0,0.0,high,False,False,False,True,False,1.3631571653939905,2130.961068,73.1934,True,False,declining,True,False,False,False
spotswood,1,flat,451.6,624,Outer Western Melbourne,2820.0,2460.0,74.1,4.6,73.3,1095.001579,-37.829892,144.887818,-1.0,48.0,12.0,high,False,False,False,True,False,6.856089403790796,2693.70388434,69.92819999999999,True,False,declining,True,False,False,False
spotswood,2,flat,578.0,1440,Outer Western Melbourne,2820.0,2460.0,74.1,4.6,73.3,1095.001579,-37.829892,144.887818,-1.0,48.0,12.0,high,False,False,False,True,False,6.856089403790796,2693.70388434,69.92819999999999,True,False,declining,True,False,False,False
spotswood,2,house,558.6,361,Outer Western Melbourne,2820.0,2460.0,74.1,4.6,73.3,1095.001579,-37.829892,144.887818,-1.0,48.0,12.0,high,False,False,False,True,False,6.856089403790796,2693.70388434,69.92819999999999,False,True,declining,True,False,False,False
spotswood,3,flat,733.6,393,Outer Western Melbourne,2820.0,2460.0,74.1,4.6,73.3,1095.001579,-37.829892,144.887818,-1.0,48.0,12.0,high,False,False,False,True,False,6.856089403790796,2693.70388434,69.92819999999999,True,False,declining,True,False,False,False
spotswood,3,house,700.0,821,Outer Western Melbourne,2820.0,2460.0,74.1,4.6,73.3,1095.001579,-37.829892,144.887818,-1.0,48.0,12.0,high,False,False,False,True,False,6.856089403790796,2693.70388434,69.92819999999999,False,True,declining,True,False,False,False
spotswood,4,house,904.6,279,Outer Western Melbourne,2820.0,2460.0,74.1,4.6,73.3,1095.001579,-37.829892,144.887818,-1.0,48.0,12.0,high,False,False,False,True,False,6.856089403790796,2693.70388434,69.92819999999999,False,True,declining,True,False,False,False
springvale,1,flat,360.0,715,South Eastern Melbourne,22174.0,1402.0,62.5,8.2,53.9,899.9764693,-37.945658,145.157853,11.0,50.0,0.0,very_low,True,False,False,False,False,22.534143318871834,1261.7670099585998,49.4802,True,False,strong_growth,False,False,False,True
springvale,2,flat,505.0,2459,South Eastern Melbourne,22174.0,1402.0,62.5,8.2,53.9,899.9764693,-37.945658,145.157853,11.0,50.0,0.0,very_low,True,False,False,False,False,22.534143318871834,1261.7670099585998,49.4802,True,False,strong_growth,False,False,False,True
springvale,2,house,514.0,192,South Eastern Melbourne,22174.0,1402.0,62.5,8.2,53.9,899.9764693,-37.945658,145.157853,11.0,50.0,0.0,very_low,True,False,False,False,False,22.534143318871834,1261.7670099585998,49.4802,False,True,strong_growth,False,False,False,True
springvale,3,flat,625.0,1010,South Eastern Melbourne,22174.0,1402.0,62.5,8.2,53.9,899.9764693,-37.945658,145.157853,11.0,50.0,0.0,very_low,True,False,False,False,False,22.534143318871834,1261.7670099585998,49.4802,True,False,strong_growth,False,False,False,True
springvale,3,house,562.0,1796,South Eastern Melbourne,22174.0,1402.0,62.5,8.2,53.9,899.9764693,-37.945658,145.157853,11.0,50.0,0.0,very_low,True,False,False,False,False,22.534143318871834,1261.7670099585998,49.4802,False,True,strong_growth,False,False,False,True
springvale,4,house,677.0,501,South Eastern Melbourne,22174.0,1402.0,62.5,8.2,53.9,899.9764693,-37.945658,145.157853,11.0,50.0,0.0,very_low,True,False,False,False,False,22.534143318871834,1261.7670099585998,49.4802,False,True,strong_growth,False,False,False,True
st albans,1,flat,318.0,293,Outer Western Melbourne,38042.0,1205.0,58.0,10.8,48.7,865.5178159,-37.745167,144.804979,7.0,64.0,9.0,very_low,True,False,False,False,False,15.843544004614666,1042.9489681594998,43.440400000000004,True,False,moderate_growth,False,False,True,False
st albans,2,flat,408.0,1562,Outer Western Melbourne,38042.0,1205.0,58.0,10.8,48.7,865.5178159,-37.745167,144.804979,7.0,64.0,9.0,very_low,True,False,False,False,False,15.843544004614666,1042.9489681594998,43.440400000000004,True,False,moderate_growth,False,False,True,False
st albans,2,house,420.6,264,Outer Western Melbourne,38042.0,1205.0,58.0,10.8,48.7,865.5178159,-37.745167,144.804979,7.0,64.0,9.0,very_low,True,False,False,False,False,15.843544004614666,1042.9489681594998,43.440400000000004,False,True,moderate_growth,False,False,True,False
st albans,3,flat,470.2,952,Outer Western Melbourne,38042.0,1205.0,58.0,10.8,48.7,865.5178159,-37.745167,144.804979,7.0,64.0,9.0,very_low,True,False,False,False,False,15.843544004614666,1042.9489681594998,43.440400000000004,True,False,moderate_growth,False,False,True,False
st albans,3,house,458.0,3326,Outer Western Melbourne,38042.0,1205.0,58.0,10.8,48.7,865.5178159,-37.745167,144.804979,7.0,64.0,9.0,very_low,True,False,False,False,False,15.843544004614666,1042.9489681594998,43.440400000000004,False,True,moderate_growth,False,False,True,False
st albans,4,house,534.6,1038,Outer Western Melbourne,38042.0,1205.0,58.0,10.8,48.7,865.5178159,-37.745167,144.804979,7.0,64.0,9.0,very_low,True,False,False,False,False,15.843544004614666,1042.9489681594998,43.440400000000004,False,True,moderate_growth,False,False,True,False
st kilda,1,flat,455.0,6296,Inner Melbourne,19490.0,1779.0,83.1,4.8,72.4,1083.442135,-37.863735,144.981712,11.0,47.0,-2.0,high,False,False,False,True,False,5.809409653327156,1927.443558165,68.9248,True,False,strong_growth,False,False,False,True
st kilda,2,flat,615.0,5264,Inner Melbourne,19490.0,1779.0,83.1,4.8,72.4,1083.442135,-37.863735,144.981712,11.0,47.0,-2.0,high,False,False,False,True,False,5.809409653327156,1927.443558165,68.9248,True,False,strong_growth,False,False,False,True
st kilda,2,house,744.6,203,Inner Melbourne,19490.0,1779.0,83.1,4.8,72.4,1083.442135,-37.863735,144.981712,11.0,47.0,-2.0,high,False,False,False,True,False,5.809409653327156,1927.443558165,68.9248,False,True,strong_growth,False,False,False,True
st kilda,3,flat,937.6,592,Inner Melbourne,19490.0,1779.0,83.1,4.8,72.4,1083.442135,-37.863735,144.981712,11.0,47.0,-2.0,high,False,False,False,True,False,5.809409653327156,1927.443558165,68.9248,True,False,strong_growth,False,False,False,True
st kilda,3,house,937.6,229,Inner Melbourne,19490.0,1779.0,83.1,4.8,72.4,1083.442135,-37.863735,144.981712,11.0,47.0,-2.0,high,False,False,False,True,False,5.809409653327156,1927.443558165,68.9248,False,True,strong_growth,False,False,False,True
st kilda,4,house,1168.2,65,Inner Melbourne,19490.0,1779.0,83.1,4.8,72.4,1083.442135,-37.863735,144.981712,11.0,47.0,-2.0,high,False,False,False,True,False,5.809409653327156,1927.443558165,68.9248,False,True,strong_growth,False,False,False,True
sunbury,1,flat,310.0,24,North Western Melbourne,38851.0,1925.0,55.8,4.5,66.4,999.8704331,-37.547066,144.714954,5.0,89.0,-1.0,low,False,True,False,False,False,36.813682025308644,1924.7505837175001,63.412000000000006,True,False,slow_growth,False,True,False,False
sunbury,2,flat,422.0,511,North Western Melbourne,38851.0,1925.0,55.8,4.5,66.4,999.8704331,-37.547066,144.714954,5.0,89.0,-1.0,low,False,True,False,False,False,36.813682025308644,1924.7505837175001,63.412000000000006,True,False,slow_growth,False,True,False,False
sunbury,2,house,435.0,112,North Western Melbourne,38851.0,1925.0,55.8,4.5,66.4,999.8704331,-37.547066,144.714954,5.0,89.0,-1.0,low,False,True,False,False,False,36.813682025308644,1924.7505837175001,63.412000000000006,False,True,slow_growth,False,True,False,False
sunbury,3,flat,472.0,340,North Western Melbourne,38851.0,1925.0,55.8,4.5,66.4,999.8704331,-37.547066,144.714954,5.0,89.0,-1.0,low,False,True,False,False,False,36.813682025308644,1924.7505837175001,63.412000000000006,True,False,slow_growth,False,True,False,False
sunbury,3,house,478.0,1476,North Western Melbourne,38851.0,1925.0,55.8,4.5,66.4,999.8704331,-37.547066,144.714954,5.0,89.0,-1.0,low,False,True,False,False,False,36.813682025308644,1924.7505837175001,63.412000000000006,False,True,slow_growth,False,True,False,False
sunbury,4,house,568.0,1922,North Western Melbourne,38851.0,1925.0,55.8,4.5,66.4,999.8704331,-37.547066,144.714954,5.0,89.0,-1.0,low,False,True,False,False,False,36.813682025308644,1924.7505837175001,63.412000000000006,False,True,slow_growth,False,True,False,False
sunshine,1,flat,326.0,644,Outer Western Melbourne,9445.0,1566.0,66.4,7.7,60.5,956.8082085,-37.789309,144.834258,2.0,58.0,20.0,low,False,True,False,False,False,11.637775672813486,1498.361654511,55.8415,True,False,slow_growth,False,True,False,False
sunshine,2,flat,414.6,1270,Outer Western Melbourne,9445.0,1566.0,66.4,7.7,60.5,956.8082085,-37.789309,144.834258,2.0,58.0,20.0,low,False,True,False,False,False,11.637775672813486,1498.361654511,55.8415,True,False,slow_growth,False,True,False,False
sunshine,2,house,456.0,457,Outer Western Melbourne,9445.0,1566.0,66.4,7.7,60.5,956.8082085,-37.789309,144.834258,2.0,58.0,20.0,low,False,True,False,False,False,11.637775672813486,1498.361654511,55.8415,False,True,slow_growth,False,True,False,False
sunshine,3,flat,523.2,576,Outer Western Melbourne,9445.0,1566.0,66.4,7.7,60.5,956.8082085,-37.789309,144.834258,2.0,58.0,20.0,low,False,True,False,False,False,11.637775672813486,1498.361654511,55.8415,True,False,slow_growth,False,True,False,False
sunshine,3,house,480.0,2418,Outer Western Melbourne,9445.0,1566.0,66.4,7.7,60.5,956.8082085,-37.789309,144.834258,2.0,58.0,20.0,low,False,True,False,False,False,11.637775672813486,1498.361654511,55.8415,False,True,slow_growth,False,True,False,False
sunshine,4,house,587.0,552,Outer Western Melbourne,9445.0,1566.0,66.4,7.7,60.5,956.8082085,-37.789309,144.834258,2.0,58.0,20.0,low,False,True,False,False,False,11.637775672813486,1498.361654511,55.8415,False,True,slow_growth,False,True,False,False
surrey hills,1,flat,440.0,144,Inner Eastern Melbourne,13655.0,2503.0,80.4,4.2,66.3,1137.817922,-37.826742,145.098205,1.0,32.0,5.0,very_high,False,False,False,False,True,11.956882506519845,2847.9582587659997,63.51539999999999,True,False,slow_growth,False,True,False,False
surrey hills,2,flat,556.0,1234,Inner Eastern Melbourne,13655.0,2503.0,80.4,4.2,66.3,1137.817922,-37.826742,145.098205,1.0,32.0,5.0,very_high,False,False,False,False,True,11.956882506519845,2847.9582587659997,63.51539999999999,True,False,slow_growth,False,True,False,False
surrey hills,2,house,604.0,110,Inner Eastern Melbourne,13655.0,2503.0,80.4,4.2,66.3,1137.817922,-37.826742,145.098205,1.0,32.0,5.0,very_high,False,False,False,False,True,11.956882506519845,2847.9582587659997,63.51539999999999,False,True,slow_growth,False,True,False,False
surrey hills,3,flat,732.0,362,Inner Eastern Melbourne,13655.0,2503.0,80.4,4.2,66.3,1137.817922,-37.826742,145.098205,1.0,32.0,5.0,very_high,False,False,False,False,True,11.956882506519845,2847.9582587659997,63.51539999999999,True,False,slow_growth,False,True,False,False
surrey hills,3,house,781.6,359,Inner Eastern Melbourne,13655.0,2503.0,80.4,4.2,66.3,1137.817922,-37.826742,145.098205,1.0,32.0,5.0,very_high,False,False,False,False,True,11.956882506519845,2847.9582587659997,63.51539999999999,False,True,slow_growth,False,True,False,False
surrey hills,4,house,1077.6,485,Inner Eastern Melbourne,13655.0,2503.0,80.4,4.2,66.3,1137.817922,-37.826742,145.098205,1.0,32.0,5.0,very_high,False,False,False,False,True,11.956882506519845,2847.9582587659997,63.51539999999999,False,True,slow_growth,False,True,False,False
swan hill,1,flat,229.0,278,Other Regional Centres,11186.0,1390.0,46.3,3.0,59.8,939.7721497,-35.362171,143.511795,3.0,97.0,4.0,very_low,True,False,False,False,False,301.8054393926198,1306.2832880830001,58.00599999999999,True,False,slow_growth,False,True,False,False
swan hill,2,flat,351.0,334,Other Regional Centres,11186.0,1390.0,46.3,3.0,59.8,939.7721497,-35.362171,143.511795,3.0,97.0,4.0,very_low,True,False,False,False,False,301.8054393926198,1306.2832880830001,58.00599999999999,True,False,slow_growth,False,True,False,False
swan hill,2,house,362.5,23,Other Regional Centres,11186.0,1390.0,46.3,3.0,59.8,939.7721497,-35.362171,143.511795,3.0,97.0,4.0,very_low,True,False,False,False,False,301.8054393926198,1306.2832880830001,58.00599999999999,False,True,slow_growth,False,True,False,False
swan hill,3,flat,442.5,23,Other Regional Centres,11186.0,1390.0,46.3,3.0,59.8,939.7721497,-35.362171,143.511795,3.0,97.0,4.0,very_low,True,False,False,False,False,301.8054393926198,1306.2832880830001,58.00599999999999,True,False,slow_growth,False,True,False,False
swan hill,3,house,442.0,507,Other Regional Centres,11186.0,1390.0,46.3,3.0,59.8,939.7721497,-35.362171,143.511795,3.0,97.0,4.0,very_low,True,False,False,False,False,301.8054393926198,1306.2832880830001,58.00599999999999,False,True,slow_growth,False,True,False,False
swan hill,4,house,542.0,147,Other Regional Centres,11186.0,1390.0,46.3,3.0,59.8,939.7721497,-35.362171,143.511795,3.0,97.0,4.0,very_low,True,False,False,False,False,301.8054393926198,1306.2832880830001,58.00599999999999,False,True,slow_growth,False,True,False,False
sydenham,2,flat,443.6,538,Outer Western Melbourne,10578.0,1813.0,64.0,6.8,62.5,969.7813799,-37.699696,144.765311,5.0,68.0,-2.0,low,False,True,False,False,False,21.511960636959483,1758.2136417587,58.24999999999999,True,False,slow_growth,False,True,False,False
sydenham,2,house,434.0,278,Outer Western Melbourne,10578.0,1813.0,64.0,6.8,62.5,969.7813799,-37.699696,144.765311,5.0,68.0,-2.0,low,False,True,False,False,False,21.511960636959483,1758.2136417587,58.24999999999999,False,True,slow_growth,False,True,False,False
sydenham,3,flat,464.2,990,Outer Western Melbourne,10578.0,1813.0,64.0,6.8,62.5,969.7813799,-37.699696,144.765311,5.0,68.0,-2.0,low,False,True,False,False,False,21.511960636959483,1758.2136417587,58.24999999999999,True,False,slow_growth,False,True,False,False
sydenham,3,house,475.0,6549,Outer Western Melbourne,10578.0,1813.0,64.0,6.8,62.5,969.7813799,-37.699696,144.765311,5.0,68.0,-2.0,low,False,True,False,False,False,21.511960636959483,1758.2136417587,58.24999999999999,False,True,slow_growth,False,True,False,False
sydenham,4,house,533.0,9922,Outer Western Melbourne,10578.0,1813.0,64.0,6.8,62.5,969.7813799,-37.699696,144.765311,5.0,68.0,-2.0,low,False,True,False,False,False,21.511960636959483,1758.2136417587,58.24999999999999,False,True,slow_growth,False,True,False,False
templestowe,1,flat,478.0,711,Inner Eastern Melbourne,16966.0,2163.0,71.9,4.7,56.8,1093.814622,-37.754034,145.148639,-3.0,36.0,-1.0,high,False,False,False,True,False,17.599179399963084,2365.9210273860003,54.130399999999995,True,False,declining,True,False,False,False
templestowe,2,flat,582.0,2279,Inner Eastern Melbourne,16966.0,2163.0,71.9,4.7,56.8,1093.814622,-37.754034,145.148639,-3.0,36.0,-1.0,high,False,False,False,True,False,17.599179399963084,2365.9210273860003,54.130399999999995,True,False,declining,True,False,False,False
templestowe,2,house,556.0,183,Inner Eastern Melbourne,16966.0,2163.0,71.9,4.7,56.8,1093.814622,-37.754034,145.148639,-3.0,36.0,-1.0,high,False,False,False,True,False,17.599179399963084,2365.9210273860003,54.130399999999995,False,True,declining,True,False,False,False
templestowe,3,flat,704.0,1019,Inner Eastern Melbourne,16966.0,2163.0,71.9,4.7,56.8,1093.814622,-37.754034,145.148639,-3.0,36.0,-1.0,high,False,False,False,True,False,17.599179399963084,2365.9210273860003,54.130399999999995,True,False,declining,True,False,False,False
templestowe,3,house,646.0,1367,Inner Eastern Melbourne,16966.0,2163.0,71.9,4.7,56.8,1093.814622,-37.754034,145.148639,-3.0,36.0,-1.0,high,False,False,False,True,False,17.599179399963084,2365.9210273860003,54.130399999999995,False,True,declining,True,False,False,False
templestowe,4,house,802.4,1980,Inner Eastern Melbourne,16966.0,2163.0,71.9,4.7,56.8,1093.814622,-37.754034,145.148639,-3.0,36.0,-1.0,high,False,False,False,True,False,17.599179399963084,2365.9210273860003,54.130399999999995,False,True,declining,True,False,False,False
thomastown,1,flat,365.0,105,North Eastern Melbourne,20234.0,1225.0,54.1,8.0,49.9,900.0641126,-37.683788,145.008198,8.0,78.0,9.0,very_low,True,False,False,False,False,14.969137104145354,1102.5785379350002,45.908,True,False,moderate_growth,False,False,True,False
thomastown,2,flat,444.0,965,North Eastern Melbourne,20234.0,1225.0,54.1,8.0,49.9,900.0641126,-37.683788,145.008198,8.0,78.0,9.0,very_low,True,False,False,False,False,14.969137104145354,1102.5785379350002,45.908,True,False,moderate_growth,False,False,True,False
thomastown,2,house,454.0,158,North Eastern Melbourne,20234.0,1225.0,54.1,8.0,49.9,900.0641126,-37.683788,145.008198,8.0,78.0,9.0,very_low,True,False,False,False,False,14.969137104145354,1102.5785379350002,45.908,False,True,moderate_growth,False,False,True,False
thomastown,3,flat,500.0,400,North Eastern Melbourne,20234.0,1225.0,54.1,8.0,49.9,900.0641126,-37.683788,145.008198,8.0,78.0,9.0,very_low,True,False,False,False,False,14.969137104145354,1102.5785379350002,45.908,True,False,moderate_growth,False,False,True,False
thomastown,3,house,502.0,2217,North Eastern Melbourne,20234.0,1225.0,54.1,8.0,49.9,900.0641126,-37.683788,145.008198,8.0,78.0,9.0,very_low,True,False,False,False,False,14.969137104145354,1102.5785379350002,45.908,False,True,moderate_growth,False,False,True,False
thomastown,4,house,580.0,391,North Eastern Melbourne,20234.0,1225.0,54.1,8.0,49.9,900.0641126,-37.683788,145.008198,8.0,78.0,9.0,very_low,True,False,False,False,False,14.969137104145354,1102.5785379350002,45.908,False,True,moderate_growth,False,False,True,False
thornbury,1,flat,392.0,1294,North Eastern Melbourne,19005.0,1971.0,76.7,4.6,71.2,1082.822857,-37.758172,145.00583,2.0,59.0,3.0,high,False,False,False,True,False,7.217108024933147,2134.243851147,67.9248,True,False,slow_growth,False,True,False,False
thornbury,2,flat,508.0,1381,North Eastern Melbourne,19005.0,1971.0,76.7,4.6,71.2,1082.822857,-37.758172,145.00583,2.0,59.0,3.0,high,False,False,False,True,False,7.217108024933147,2134.243851147,67.9248,True,False,slow_growth,False,True,False,False
thornbury,2,house,651.0,335,North Eastern Melbourne,19005.0,1971.0,76.7,4.6,71.2,1082.822857,-37.758172,145.00583,2.0,59.0,3.0,high,False,False,False,True,False,7.217108024933147,2134.243851147,67.9248,False,True,slow_growth,False,True,False,False
thornbury,3,flat,725.2,269,North Eastern Melbourne,19005.0,1971.0,76.7,4.6,71.2,1082.822857,-37.758172,145.00583,2.0,59.0,3.0,high,False,False,False,True,False,7.217108024933147,2134.243851147,67.9248,True,False,slow_growth,False,True,False,False
thornbury,3,house,782.6,504,North Eastern Melbourne,19005.0,1971.0,76.7,4.6,71.2,1082.822857,-37.758172,145.00583,2.0,59.0,3.0,high,False,False,False,True,False,7.217108024933147,2134.243851147,67.9248,False,True,slow_growth,False,True,False,False
thornbury,4,house,972.0,145,North Eastern Melbourne,19005.0,1971.0,76.7,4.6,71.2,1082.822857,-37.758172,145.00583,2.0,59.0,3.0,high,False,False,False,True,False,7.217108024933147,2134.243851147,67.9248,False,True,slow_growth,False,True,False,False
toorak,1,flat,438.6,765,Inner Melbourne,12817.0,2533.0,84.7,3.7,59.5,1149.777499,-37.841529,145.017475,-3.0,53.0,4.0,very_high,False,False,False,False,True,5.6966264765964265,2912.386404967,57.2985,True,False,declining,True,False,False,False
toorak,2,flat,636.0,1288,Inner Melbourne,12817.0,2533.0,84.7,3.7,59.5,1149.777499,-37.841529,145.017475,-3.0,53.0,4.0,very_high,False,False,False,False,True,5.6966264765964265,2912.386404967,57.2985,True,False,declining,True,False,False,False
toorak,2,house,697.2,60,Inner Melbourne,12817.0,2533.0,84.7,3.7,59.5,1149.777499,-37.841529,145.017475,-3.0,53.0,4.0,very_high,False,False,False,False,True,5.6966264765964265,2912.386404967,57.2985,False,True,declining,True,False,False,False
toorak,3,flat,961.6,461,Inner Melbourne,12817.0,2533.0,84.7,3.7,59.5,1149.777499,-37.841529,145.017475,-3.0,53.0,4.0,very_high,False,False,False,False,True,5.6966264765964265,2912.386404967,57.2985,True,False,declining,True,False,False,False
toorak,3,house,1252.6,243,Inner Melbourne,12817.0,2533.0,84.7,3.7,59.5,1149.777499,-37.841529,145.017475,-3.0,53.0,4.0,very_high,False,False,False,False,True,5.6966264765964265,2912.386404967,57.2985,False,True,declining,True,False,False,False
toorak,4,house,1805.0,138,Inner Melbourne,12817.0,2533.0,84.7,3.7,59.5,1149.777499,-37.841529,145.017475,-3.0,53.0,4.0,very_high,False,False,False,False,True,5.6966264765964265,2912.386404967,57.2985,False,True,declining,True,False,False,False
torquay,1,flat,310.0,25,Other Regional Centres,18534.0,2295.0,68.1,3.2,67.5,1090.903302,-38.308136,144.322172,0.0,94.0,-11.0,high,False,False,False,True,False,78.56537713638555,2503.62307809,65.34,True,False,declining,True,False,False,False
torquay,2,flat,496.2,184,Other Regional Centres,18534.0,2295.0,68.1,3.2,67.5,1090.903302,-38.308136,144.322172,0.0,94.0,-11.0,high,False,False,False,True,False,78.56537713638555,2503.62307809,65.34,True,False,declining,True,False,False,False
torquay,2,house,542.2,139,Other Regional Centres,18534.0,2295.0,68.1,3.2,67.5,1090.903302,-38.308136,144.322172,0.0,94.0,-11.0,high,False,False,False,True,False,78.56537713638555,2503.62307809,65.34,False,True,declining,True,False,False,False
torquay,3,flat,636.0,179,Other Regional Centres,18534.0,2295.0,68.1,3.2,67.5,1090.903302,-38.308136,144.322172,0.0,94.0,-11.0,high,False,False,False,True,False,78.56537713638555,2503.62307809,65.34,True,False,declining,True,False,False,False
torquay,3,house,647.6,796,Other Regional Centres,18534.0,2295.0,68.1,3.2,67.5,1090.903302,-38.308136,144.322172,0.0,94.0,-11.0,high,False,False,False,True,False,78.56537713638555,2503.62307809,65.34,False,True,declining,True,False,False,False
torquay,4,house,714.0,965,Other Regional Centres,18534.0,2295.0,68.1,3.2,67.5,1090.903302,-38.308136,144.322172,0.0,94.0,-11.0,high,False,False,False,True,False,78.56537713638555,2503.62307809,65.34,False,True,declining,True,False,False,False
traralgon,1,flat,285.2,374,Other Regional Centres,26907.0,1484.0,46.7,5.0,59.6,949.959236,-38.203343,146.519781,6.0,98.0,-1.0,very_low,True,False,False,False,False,143.1026261525772,1409.739506224,56.62,True,False,moderate_growth,False,False,True,False
traralgon,2,flat,361.6,526,Other Regional Centres,26907.0,1484.0,46.7,5.0,59.6,949.959236,-38.203343,146.519781,6.0,98.0,-1.0,very_low,True,False,False,False,False,143.1026261525772,1409.739506224,56.62,True,False,moderate_growth,False,False,True,False
traralgon,2,house,386.0,266,Other Regional Centres,26907.0,1484.0,46.7,5.0,59.6,949.959236,-38.203343,146.519781,6.0,98.0,-1.0,very_low,True,False,False,False,False,143.1026261525772,1409.739506224,56.62,False,True,moderate_growth,False,False,True,False
traralgon,3,flat,459.6,104,Other Regional Centres,26907.0,1484.0,46.7,5.0,59.6,949.959236,-38.203343,146.519781,6.0,98.0,-1.0,very_low,True,False,False,False,False,143.1026261525772,1409.739506224,56.62,True,False,moderate_growth,False,False,True,False
traralgon,3,house,445.6,1842,Other Regional Centres,26907.0,1484.0,46.7,5.0,59.6,949.959236,-38.203343,146.519781,6.0,98.0,-1.0,very_low,True,False,False,False,False,143.1026261525772,1409.739506224,56.62,False,True,moderate_growth,False,False,True,False
traralgon,4,house,560.0,805,Other Regional Centres,26907.0,1484.0,46.7,5.0,59.6,949.959236,-38.203343,146.519781,6.0,98.0,-1.0,very_low,True,False,False,False,False,143.1026261525772,1409.739506224,56.62,False,True,moderate_growth,False,False,True,False
tullamarine,1,flat,340.0,14,North Western Melbourne,6733.0,1404.0,57.0,6.1,58.0,951.6147998,-37.705042,144.872471,8.0,69.0,2.0,low,False,True,False,False,False,14.463297837593831,1336.0671789192002,54.462,True,False,moderate_growth,False,False,True,False
tullamarine,2,flat,448.0,451,North Western Melbourne,6733.0,1404.0,57.0,6.1,58.0,951.6147998,-37.705042,144.872471,8.0,69.0,2.0,low,False,True,False,False,False,14.463297837593831,1336.0671789192002,54.462,True,False,moderate_growth,False,False,True,False
tullamarine,2,house,480.0,62,North Western Melbourne,6733.0,1404.0,57.0,6.1,58.0,951.6147998,-37.705042,144.872471,8.0,69.0,2.0,low,False,True,False,False,False,14.463297837593831,1336.0671789192002,54.462,False,True,moderate_growth,False,False,True,False
tullamarine,3,flat,528.6,280,North Western Melbourne,6733.0,1404.0,57.0,6.1,58.0,951.6147998,-37.705042,144.872471,8.0,69.0,2.0,low,False,True,False,False,False,14.463297837593831,1336.0671789192002,54.462,True,False,moderate_growth,False,False,True,False
tullamarine,3,house,516.0,962,North Western Melbourne,6733.0,1404.0,57.0,6.1,58.0,951.6147998,-37.705042,144.872471,8.0,69.0,2.0,low,False,True,False,False,False,14.463297837593831,1336.0671789192002,54.462,False,True,moderate_growth,False,False,True,False
tullamarine,4,house,612.0,320,North Western Melbourne,6733.0,1404.0,57.0,6.1,58.0,951.6147998,-37.705042,144.872471,8.0,69.0,2.0,low,False,True,False,False,False,14.463297837593831,1336.0671789192002,54.462,False,True,moderate_growth,False,False,True,False
vermont,1,flat,512.0,235,Inner Eastern Melbourne,10993.0,2042.0,69.9,4.5,63.1,1071.317148,-37.838419,145.199297,3.0,55.0,-4.0,high,False,False,False,True,False,20.928003104257094,2187.629616216,60.2605,True,False,slow_growth,False,True,False,False
vermont,2,flat,561.0,886,Inner Eastern Melbourne,10993.0,2042.0,69.9,4.5,63.1,1071.317148,-37.838419,145.199297,3.0,55.0,-4.0,high,False,False,False,True,False,20.928003104257094,2187.629616216,60.2605,True,False,slow_growth,False,True,False,False
vermont,2,house,530.0,129,Inner Eastern Melbourne,10993.0,2042.0,69.9,4.5,63.1,1071.317148,-37.838419,145.199297,3.0,55.0,-4.0,high,False,False,False,True,False,20.928003104257094,2187.629616216,60.2605,False,True,slow_growth,False,True,False,False
vermont,3,flat,650.0,417,Inner Eastern Melbourne,10993.0,2042.0,69.9,4.5,63.1,1071.317148,-37.838419,145.199297,3.0,55.0,-4.0,high,False,False,False,True,False,20.928003104257094,2187.629616216,60.2605,True,False,slow_growth,False,True,False,False
vermont,3,house,609.6,1543,Inner Eastern Melbourne,10993.0,2042.0,69.9,4.5,63.1,1071.317148,-37.838419,145.199297,3.0,55.0,-4.0,high,False,False,False,True,False,20.928003104257094,2187.629616216,60.2605,False,True,slow_growth,False,True,False,False
vermont,4,house,740.0,991,Inner Eastern Melbourne,10993.0,2042.0,69.9,4.5,63.1,1071.317148,-37.838419,145.199297,3.0,55.0,-4.0,high,False,False,False,True,False,20.928003104257094,2187.629616216,60.2605,False,True,slow_growth,False,True,False,False
wantirna,1,flat,374.2,245,Outer Eastern Melbourne,14237.0,1886.0,66.2,4.6,60.7,1044.613236,-37.852349,145.225864,12.0,56.0,4.0,medium,False,False,True,False,False,23.47524920086835,1970.1405630959998,57.9078,True,False,strong_growth,False,False,False,True
wantirna,2,flat,518.0,524,Outer Eastern Melbourne,14237.0,1886.0,66.2,4.6,60.7,1044.613236,-37.852349,145.225864,12.0,56.0,4.0,medium,False,False,True,False,False,23.47524920086835,1970.1405630959998,57.9078,True,False,strong_growth,False,False,False,True
wantirna,2,house,528.0,115,Outer Eastern Melbourne,14237.0,1886.0,66.2,4.6,60.7,1044.613236,-37.852349,145.225864,12.0,56.0,4.0,medium,False,False,True,False,False,23.47524920086835,1970.1405630959998,57.9078,False,True,strong_growth,False,False,False,True
wantirna,3,flat,596.4,594,Outer Eastern Melbourne,14237.0,1886.0,66.2,4.6,60.7,1044.613236,-37.852349,145.225864,12.0,56.0,4.0,medium,False,False,True,False,False,23.47524920086835,1970.1405630959998,57.9078,True,False,strong_growth,False,False,False,True
wantirna,3,house,579.4,1508,Outer Eastern Melbourne,14237.0,1886.0,66.2,4.6,60.7,1044.613236,-37.852349,145.225864,12.0,56.0,4.0,medium,False,False,True,False,False,23.47524920086835,1970.1405630959998,57.9078,False,True,strong_growth,False,False,False,True
wantirna,4,house,694.0,1198,Outer Eastern Melbourne,14237.0,1886.0,66.2,4.6,60.7,1044.613236,-37.852349,145.225864,12.0,56.0,4.0,medium,False,False,True,False,False,23.47524920086835,1970.1405630959998,57.9078,False,True,strong_growth,False,False,False,True
warragul,1,flat,254.75,47,Other Regional Centres,19856.0,1563.0,50.5,4.0,59.3,980.3543938,-38.15372,145.929971,2.0,90.0,-4.0,low,False,True,False,False,False,92.7947530279108,1532.2939175094,56.928,True,False,slow_growth,False,True,False,False
warragul,2,flat,389.0,308,Other Regional Centres,19856.0,1563.0,50.5,4.0,59.3,980.3543938,-38.15372,145.929971,2.0,90.0,-4.0,low,False,True,False,False,False,92.7947530279108,1532.2939175094,56.928,True,False,slow_growth,False,True,False,False
warragul,2,house,412.0,111,Other Regional Centres,19856.0,1563.0,50.5,4.0,59.3,980.3543938,-38.15372,145.929971,2.0,90.0,-4.0,low,False,True,False,False,False,92.7947530279108,1532.2939175094,56.928,False,True,slow_growth,False,True,False,False
warragul,3,flat,428.3333333333333,41,Other Regional Centres,19856.0,1563.0,50.5,4.0,59.3,980.3543938,-38.15372,145.929971,2.0,90.0,-4.0,low,False,True,False,False,False,92.7947530279108,1532.2939175094,56.928,True,False,slow_growth,False,True,False,False
warragul,3,house,470.6,715,Other Regional Centres,19856.0,1563.0,50.5,4.0,59.3,980.3543938,-38.15372,145.929971,2.0,90.0,-4.0,low,False,True,False,False,False,92.7947530279108,1532.2939175094,56.928,False,True,slow_growth,False,True,False,False
warragul,4,house,574.0,1208,Other Regional Centres,19856.0,1563.0,50.5,4.0,59.3,980.3543938,-38.15372,145.929971,2.0,90.0,-4.0,low,False,True,False,False,False,92.7947530279108,1532.2939175094,56.928,False,True,slow_growth,False,True,False,False
warrnambool,1,flat,325.0,211,Other Regional Centres,31308.0,1385.0,49.8,3.2,60.1,958.328076,-38.36886,142.498179,7.0,89.0,7.0,low,False,True,False,False,False,224.36796751871188,1327.2843852600001,58.1768,True,False,moderate_growth,False,False,True,False
warrnambool,2,flat,407.0,1133,Other Regional Centres,31308.0,1385.0,49.8,3.2,60.1,958.328076,-38.36886,142.498179,7.0,89.0,7.0,low,False,True,False,False,False,224.36796751871188,1327.2843852600001,58.1768,True,False,moderate_growth,False,False,True,False
warrnambool,2,house,448.0,372,Other Regional Centres,31308.0,1385.0,49.8,3.2,60.1,958.328076,-38.36886,142.498179,7.0,89.0,7.0,low,False,True,False,False,False,224.36796751871188,1327.2843852600001,58.1768,False,True,moderate_growth,False,False,True,False
warrnambool,3,flat,500.0,240,Other Regional Centres,31308.0,1385.0,49.8,3.2,60.1,958.328076,-38.36886,142.498179,7.0,89.0,7.0,low,False,True,False,False,False,224.36796751871188,1327.2843852600001,58.1768,True,False,moderate_growth,False,False,True,False
warrnambool,3,house,536.0,1525,Other Regional Centres,31308.0,1385.0,49.8,3.2,60.1,958.328076,-38.36886,142.498179,7.0,89.0,7.0,low,False,True,False,False,False,224.36796751871188,1327.2843852600001,58.1768,False,True,moderate_growth,False,False,True,False
warrnambool,4,house,658.0,612,Other Regional Centres,31308.0,1385.0,49.8,3.2,60.1,958.328076,-38.36886,142.498179,7.0,89.0,7.0,low,False,True,False,False,False,224.36796751871188,1327.2843852600001,58.1768,False,True,moderate_growth,False,False,True,False
wendouree,1,flat,278.0,318,Ballarat,10376.0,990.0,38.9,7.3,46.0,842.7121528,-37.530766,143.828391,14.0,100.0,8.0,very_low,True,False,False,False,False,104.7032084721142,834.2850312720001,42.642,True,False,strong_growth,False,False,False,True
wendouree,2,flat,345.6,514,Ballarat,10376.0,990.0,38.9,7.3,46.0,842.7121528,-37.530766,143.828391,14.0,100.0,8.0,very_low,True,False,False,False,False,104.7032084721142,834.2850312720001,42.642,True,False,strong_growth,False,False,False,True
wendouree,2,house,366.0,333,Ballarat,10376.0,990.0,38.9,7.3,46.0,842.7121528,-37.530766,143.828391,14.0,100.0,8.0,very_low,True,False,False,False,False,104.7032084721142,834.2850312720001,42.642,False,True,strong_growth,False,False,False,True
wendouree,3,flat,404.6,164,Ballarat,10376.0,990.0,38.9,7.3,46.0,842.7121528,-37.530766,143.828391,14.0,100.0,8.0,very_low,True,False,False,False,False,104.7032084721142,834.2850312720001,42.642,True,False,strong_growth,False,False,False,True
wendouree,3,house,404.6,2611,Ballarat,10376.0,990.0,38.9,7.3,46.0,842.7121528,-37.530766,143.828391,14.0,100.0,8.0,very_low,True,False,False,False,False,104.7032084721142,834.2850312720001,42.642,False,True,strong_growth,False,False,False,True
wendouree,4,house,469.0,3050,Ballarat,10376.0,990.0,38.9,7.3,46.0,842.7121528,-37.530766,143.828391,14.0,100.0,8.0,very_low,True,False,False,False,False,104.7032084721142,834.2850312720001,42.642,False,True,strong_growth,False,False,False,True
werribee,1,flat,346.0,359,Outer Western Melbourne,50027.0,1645.0,56.7,6.9,62.1,950.9874005,-37.906921,144.642012,6.0,94.0,7.0,low,False,True,False,False,False,30.03746425776654,1564.3742738225,57.8151,True,False,moderate_growth,False,False,True,False
werribee,2,flat,405.0,2544,Outer Western Melbourne,50027.0,1645.0,56.7,6.9,62.1,950.9874005,-37.906921,144.642012,6.0,94.0,7.0,low,False,True,False,False,False,30.03746425776654,1564.3742738225,57.8151,True,False,moderate_growth,False,False,True,False
werribee,2,house,420.0,821,Outer Western Melbourne,50027.0,1645.0,56.7,6.9,62.1,950.9874005,-37.906921,144.642012,6.0,94.0,7.0,low,False,True,False,False,False,30.03746425776654,1564.3742738225,57.8151,False,True,moderate_growth,False,False,True,False
werribee,3,flat,454.0,1661,Outer Western Melbourne,50027.0,1645.0,56.7,6.9,62.1,950.9874005,-37.906921,144.642012,6.0,94.0,7.0,low,False,True,False,False,False,30.03746425776654,1564.3742738225,57.8151,True,False,moderate_growth,False,False,True,False
werribee,3,house,466.0,16518,Outer Western Melbourne,50027.0,1645.0,56.7,6.9,62.1,950.9874005,-37.906921,144.642012,6.0,94.0,7.0,low,False,True,False,False,False,30.03746425776654,1564.3742738225,57.8151,False,True,moderate_growth,False,False,True,False
werribee,4,house,529.0,26583,Outer Western Melbourne,50027.0,1645.0,56.7,6.9,62.1,950.9874005,-37.906921,144.642012,6.0,94.0,7.0,low,False,True,False,False,False,30.03746425776654,1564.3742738225,57.8151,False,True,moderate_growth,False,False,True,False
west footscray,1,flat,354.6,706,Outer Western Melbourne,11729.0,1989.0,74.5,5.6,69.8,1045.916291,-37.800506,144.870778,4.0,39.0,-19.0,medium,False,False,True,False,False,8.240397555463236,2080.327502799,65.8912,True,False,slow_growth,False,True,False,False
west footscray,2,flat,474.0,1685,Outer Western Melbourne,11729.0,1989.0,74.5,5.6,69.8,1045.916291,-37.800506,144.870778,4.0,39.0,-19.0,medium,False,False,True,False,False,8.240397555463236,2080.327502799,65.8912,True,False,slow_growth,False,True,False,False
west footscray,2,house,502.0,445,Outer Western Melbourne,11729.0,1989.0,74.5,5.6,69.8,1045.916291,-37.800506,144.870778,4.0,39.0,-19.0,medium,False,False,True,False,False,8.240397555463236,2080.327502799,65.8912,False,True,slow_growth,False,True,False,False
west footscray,3,flat,606.0,519,Outer Western Melbourne,11729.0,1989.0,74.5,5.6,69.8,1045.916291,-37.800506,144.870778,4.0,39.0,-19.0,medium,False,False,True,False,False,8.240397555463236,2080.327502799,65.8912,True,False,slow_growth,False,True,False,False
west footscray,3,house,596.0,1350,Outer Western Melbourne,11729.0,1989.0,74.5,5.6,69.8,1045.916291,-37.800506,144.870778,4.0,39.0,-19.0,medium,False,False,True,False,False,8.240397555463236,2080.327502799,65.8912,False,True,slow_growth,False,True,False,False
west footscray,4,house,712.6,358,Outer Western Melbourne,11729.0,1989.0,74.5,5.6,69.8,1045.916291,-37.800506,144.870778,4.0,39.0,-19.0,medium,False,False,True,False,False,8.240397555463236,2080.327502799,65.8912,False,True,slow_growth,False,True,False,False
west melbourne,1,flat,508.6,6075,Inner Melbourne,8025.0,1788.0,86.5,6.3,75.5,1100.050219,-37.809315,144.925204,17.0,43.0,-5.0,high,False,False,False,True,False,3.3629968853484073,1966.889791572,70.7435,True,False,strong_growth,False,False,False,True
west melbourne,2,flat,652.0,5966,Inner Melbourne,8025.0,1788.0,86.5,6.3,75.5,1100.050219,-37.809315,144.925204,17.0,43.0,-5.0,high,False,False,False,True,False,3.3629968853484073,1966.889791572,70.7435,True,False,strong_growth,False,False,False,True
west melbourne,2,house,646.0,327,Inner Melbourne,8025.0,1788.0,86.5,6.3,75.5,1100.050219,-37.809315,144.925204,17.0,43.0,-5.0,high,False,False,False,True,False,3.3629968853484073,1966.889791572,70.7435,False,True,strong_growth,False,False,False,True
west melbourne,3,flat,887.4,763,Inner Melbourne,8025.0,1788.0,86.5,6.3,75.5,1100.050219,-37.809315,144.925204,17.0,43.0,-5.0,high,False,False,False,True,False,3.3629968853484073,1966.889791572,70.7435,True,False,strong_growth,False,False,False,True
west melbourne,3,house,850.6,348,Inner Melbourne,8025.0,1788.0,86.5,6.3,75.5,1100.050219,-37.809315,144.925204,17.0,43.0,-5.0,high,False,False,False,True,False,3.3629968853484073,1966.889791572,70.7435,False,True,strong_growth,False,False,False,True
west melbourne,4,house,1075.0,92,Inner Melbourne,8025.0,1788.0,86.5,6.3,75.5,1100.050219,-37.809315,144.925204,17.0,43.0,-5.0,high,False,False,False,True,False,3.3629968853484073,1966.889791572,70.7435,False,True,strong_growth,False,False,False,True
whittlesea,2,flat,439.0,256,North Eastern Melbourne,6117.0,1628.0,45.7,3.6,58.8,972.0078718,-37.465523,145.131188,7.0,88.0,-7.0,low,False,True,False,False,False,41.437680126577106,1582.4288152904,56.68319999999999,True,False,moderate_growth,False,False,True,False
whittlesea,2,house,450.0,231,North Eastern Melbourne,6117.0,1628.0,45.7,3.6,58.8,972.0078718,-37.465523,145.131188,7.0,88.0,-7.0,low,False,True,False,False,False,41.437680126577106,1582.4288152904,56.68319999999999,False,True,moderate_growth,False,False,True,False
whittlesea,3,flat,500.0,192,North Eastern Melbourne,6117.0,1628.0,45.7,3.6,58.8,972.0078718,-37.465523,145.131188,7.0,88.0,-7.0,low,False,True,False,False,False,41.437680126577106,1582.4288152904,56.68319999999999,True,False,moderate_growth,False,False,True,False
whittlesea,3,house,508.0,3054,North Eastern Melbourne,6117.0,1628.0,45.7,3.6,58.8,972.0078718,-37.465523,145.131188,7.0,88.0,-7.0,low,False,True,False,False,False,41.437680126577106,1582.4288152904,56.68319999999999,False,True,moderate_growth,False,False,True,False
whittlesea,4,house,556.0,6678,North Eastern Melbourne,6117.0,1628.0,45.7,3.6,58.8,972.0078718,-37.465523,145.131188,7.0,88.0,-7.0,low,False,True,False,False,False,41.437680126577106,1582.4288152904,56.68319999999999,False,True,moderate_growth,False,False,True,False
williamstown,1,flat,458.0,310,Outer Western Melbourne,14407.0,2411.0,71.4,4.5,65.4,1107.348645,-37.861163,144.889954,-1.0,41.0,14.0,high,False,False,False,True,False,8.320555718607986,2669.817583095,62.457,True,False,declining,True,False,False,False
williamstown,2,flat,530.6,738,Outer Western Melbourne,14407.0,2411.0,71.4,4.5,65.4,1107.348645,-37.861163,144.889954,-1.0,41.0,14.0,high,False,False,False,True,False,8.320555718607986,2669.817583095,62.457,True,False,declining,True,False,False,False
williamstown,2,house,610.0,227,Outer Western Melbourne,14407.0,2411.0,71.4,4.5,65.4,1107.348645,-37.861163,144.889954,-1.0,41.0,14.0,high,False,False,False,True,False,8.320555718607986,2669.817583095,62.457,False,True,declining,True,False,False,False
williamstown,3,flat,669.0,151,Outer Western Melbourne,14407.0,2411.0,71.4,4.5,65.4,1107.348645,-37.861163,144.889954,-1.0,41.0,14.0,high,False,False,False,True,False,8.320555718607986,2669.817583095,62.457,True,False,declining,True,False,False,False
williamstown,3,house,774.6,625,Outer Western Melbourne,14407.0,2411.0,71.4,4.5,65.4,1107.348645,-37.861163,144.889954,-1.0,41.0,14.0,high,False,False,False,True,False,8.320555718607986,2669.817583095,62.457,False,True,declining,True,False,False,False
williamstown,4,house,948.6,226,Outer Western Melbourne,14407.0,2411.0,71.4,4.5,65.4,1107.348645,-37.861163,144.889954,-1.0,41.0,14.0,high,False,False,False,True,False,8.320555718607986,2669.817583095,62.457,False,True,declining,True,False,False,False
windsor,1,flat,447.0,4474,Inner Melbourne,7273.0,2022.0,83.7,4.0,72.7,1111.014139,-37.854536,144.992676,-1.0,30.0,-2.0,very_high,False,False,False,False,True,5.240799296971396,2246.470589058,69.792,True,False,declining,True,False,False,False
windsor,2,flat,624.0,3730,Inner Melbourne,7273.0,2022.0,83.7,4.0,72.7,1111.014139,-37.854536,144.992676,-1.0,30.0,-2.0,very_high,False,False,False,False,True,5.240799296971396,2246.470589058,69.792,True,False,declining,True,False,False,False
windsor,2,house,759.4,901,Inner Melbourne,7273.0,2022.0,83.7,4.0,72.7,1111.014139,-37.854536,144.992676,-1.0,30.0,-2.0,very_high,False,False,False,False,True,5.240799296971396,2246.470589058,69.792,False,True,declining,True,False,False,False
windsor,3,flat,913.0,517,Inner Melbourne,7273.0,2022.0,83.7,4.0,72.7,1111.014139,-37.854536,144.992676,-1.0,30.0,-2.0,very_high,False,False,False,False,True,5.240799296971396,2246.470589058,69.792,True,False,declining,True,False,False,False
windsor,3,house,963.6,750,Inner Melbourne,7273.0,2022.0,83.7,4.0,72.7,1111.014139,-37.854536,144.992676,-1.0,30.0,-2.0,very_high,False,False,False,False,True,5.240799296971396,2246.470589058,69.792,False,True,declining,True,False,False,False
windsor,4,house,1332.0,135,Inner Melbourne,7273.0,2022.0,83.7,4.0,72.7,1111.014139,-37.854536,144.992676,-1.0,30.0,-2.0,very_high,False,False,False,False,True,5.240799296971396,2246.470589058,69.792,False,True,declining,True,False,False,False
wodonga,1,flat,274.0,251,Other Regional Centres,20259.0,1364.0,46.4,5.0,60.1,928.782329,-36.123062,146.881812,15.0,110.0,1.0,very_low,True,False,False,False,False,253.74467742737932,1266.859096756,57.095,True,False,strong_growth,False,False,False,True
wodonga,2,flat,363.0,970,Other Regional Centres,20259.0,1364.0,46.4,5.0,60.1,928.782329,-36.123062,146.881812,15.0,110.0,1.0,very_low,True,False,False,False,False,253.74467742737932,1266.859096756,57.095,True,False,strong_growth,False,False,False,True
wodonga,2,house,410.2,225,Other Regional Centres,20259.0,1364.0,46.4,5.0,60.1,928.782329,-36.123062,146.881812,15.0,110.0,1.0,very_low,True,False,False,False,False,253.74467742737932,1266.859096756,57.095,False,True,strong_growth,False,False,False,True
wodonga,3,flat,442.6,235,Other Regional Centres,20259.0,1364.0,46.4,5.0,60.1,928.782329,-36.123062,146.881812,15.0,110.0,1.0,very_low,True,False,False,False,False,253.74467742737932,1266.859096756,57.095,True,False,strong_growth,False,False,False,True
wodonga,3,house,482.0,2343,Other Regional Centres,20259.0,1364.0,46.4,5.0,60.1,928.782329,-36.123062,146.881812,15.0,110.0,1.0,very_low,True,False,False,False,False,253.74467742737932,1266.859096756,57.095,False,True,strong_growth,False,False,False,True
wodonga,4,house,574.0,1380,Other Regional Centres,20259.0,1364.0,46.4,5.0,60.1,928.782329,-36.123062,146.881812,15.0,110.0,1.0,very_low,True,False,False,False,False,253.74467742737932,1266.859096756,57.095,False,True,strong_growth,False,False,False,True
yarraville,1,flat,379.2,609,Outer Western Melbourne,15636.0,2485.0,75.9,3.8,74.0,1109.03043,-37.817906,144.88203,1.0,42.0,-5.0,very_high,False,False,False,False,True,7.1374682742695486,2755.94061855,71.188,True,False,slow_growth,False,True,False,False
yarraville,2,flat,508.0,1269,Outer Western Melbourne,15636.0,2485.0,75.9,3.8,74.0,1109.03043,-37.817906,144.88203,1.0,42.0,-5.0,very_high,False,False,False,False,True,7.1374682742695486,2755.94061855,71.188,True,False,slow_growth,False,True,False,False
yarraville,2,house,608.0,900,Outer Western Melbourne,15636.0,2485.0,75.9,3.8,74.0,1109.03043,-37.817906,144.88203,1.0,42.0,-5.0,very_high,False,False,False,False,True,7.1374682742695486,2755.94061855,71.188,False,True,slow_growth,False,True,False,False
yarraville,3,flat,698.0,178,Outer Western Melbourne,15636.0,2485.0,75.9,3.8,74.0,1109.03043,-37.817906,144.88203,1.0,42.0,-5.0,very_high,False,False,False,False,True,7.1374682742695486,2755.94061855,71.188,True,False,slow_growth,False,True,False,False
yarraville,3,house,702.0,1522,Outer Western Melbourne,15636.0,2485.0,75.9,3.8,74.0,1109.03043,-37.817906,144.88203,1.0,42.0,-5.0,very_high,False,False,False,False,True,7.1374682742695486,2755.94061855,71.188,False,True,slow_growth,False,True,False,False
yarraville,4,house,856.0,254,Outer Western Melbourne,15636.0,2485.0,75.9,3.8,74.0,1109.03043,-37.817906,144.88203,1.0,42.0,-5.0,very_high,False,False,False,False,True,7.1374682742695486,2755.94061855,71.188,False,True,slow_growth,False,True,False,False
